编号,路线,零件/服务,候选规格,数量,单位,估算单价下限人民币,估算单价上限人民币,选择理由,厂商来源,限制/备注
B01,定制模组路线,BLE模组,Raytac MDBT42Q-512KV2,1,个,35,70,集成nRF52832与天线，减少射频开发工作,https://www.raytac.com/product/ins.php?index_id=82,候选；需核对具体模块采购料号
B02,定制模组路线,一次电池,Panasonic CR2477或等效,1,个,8,15,3V / 公称1000mAh；容量不是整机寿命,https://energy.panasonic.com/ap/business/products/lithium/coin-cr-standard/models/CR2477,不可充电；量产核对脉冲负载与运输要求
B03,定制模组路线,电池座,CR2477低高度防脱电池座,1,个,3,6,可更换，需结合机械尺寸选型,,机械尺寸/触点可靠性待定
B04,定制模组路线,PCB,约50mm圆形双层FR4,1,块,8,15,承载模组、电源与调试点,,小批打样估算
B05,定制模组路线,按键,低功耗配置/维护按键,1,个,0.5,1.5,壳内按键，避免误触,,料号待定
B06,定制模组路线,LED及导光,绿色LED / 导光柱,1,套,1,3,配置时短闪；常态关闭以降低功耗,,LED与电阻一起核算
B07,定制模组路线,电源及无源件,去耦/储能/反接保护候选,1,套,3,6,验证发射脉冲供电与静态损耗,,保护策略及料号待电路评审
B08,定制模组路线,外壳与装饰环,白色ABS或PC壳 / 绿色装饰环,1,套,12,25,70mm×20mm外观目标；小批打印或软模,,不含注塑模具；20mm厚度待堆叠验证
B09,定制模组路线,安装与标识,底板/螺钉/辅胶/二维码标签,1,套,3,8,便于固定、巡检与资产管理,,安装面决定辅料
B10,定制模组路线,装配与烧录测试,装配 / 烧录 / 广播与电流检查,1,台,8,18,避免只核零件漏计制造工作,,人工及小批效率估算
A01,现成信标路线（替代B01-B10）,整机信标,Minew E5,1,台,80,150,现成广播信标用于快速现场验证,https://www.minew.com/product/e5-location-beacon/,工程预算不是报价；含电池以供应商交付为准
A02,现成信标路线,安装标识辅料,安装辅料 / 资产标签,1,套,3,8,绑定位置与维护记录,,现场条件待确定
