floor,zone_id,vertex_index,x,y,x_normalized,y_normalized
B1,B1-Z01,0,1417,258,0.8305978898007034,0.20172009382329945
B1,B1-Z01,1,1413,272,0.828253223915592,0.21266614542611414
B1,B1-Z01,2,1422,336,0.8335287221570926,0.2627052384675528
B1,B1-Z01,3,1431,333,0.8388042203985931,0.26035965598123534
B1,B1-Z01,4,1549,333,0.9079718640093787,0.26035965598123534
B1,B1-Z01,5,1549,283,0.9079718640093787,0.22126661454261143
B1,B1-Z01,6,1543,279,0.9044548651817116,0.2181391712275215
B1,B1-Z01,7,1549,270,0.9079718640093787,0.2111024237685692
B1,B1-Z01,8,1549,256,0.9079718640093787,0.2001563721657545
B1,B1-Z02,0,970,287,0.5685814771395076,0.22439405785770133
B1,B1-Z02,1,970,360,0.5685814771395076,0.2814698983580923
B1,B1-Z02,2,1013,361,0.5937866354044549,0.28225175918686474
B1,B1-Z02,3,1016,357,0.5955451348182884,0.27912431587177483
B1,B1-Z02,4,1017,333,0.5961313012895663,0.26035965598123534
B1,B1-Z02,5,1014,288,0.5943728018757327,0.2251759186864738
B1,B1-Z03,0,1275,308,0.7473622508792497,0.24081313526192338
B1,B1-Z03,1,1275,352,0.7473622508792497,0.2752150117279124
B1,B1-Z03,2,1278,355,0.7491207502930832,0.27756059421422985
B1,B1-Z03,3,1308,355,0.7667057444314185,0.27756059421422985
B1,B1-Z03,4,1322,352,0.7749120750293084,0.2752150117279124
B1,B1-Z03,5,1328,346,0.7784290738569754,0.2705238467552776
B1,B1-Z03,6,1330,332,0.779601406799531,0.2595777951524629
B1,B1-Z03,7,1326,306,0.7772567409144197,0.23924941360437843
B1,B1-Z03,8,1279,305,0.7497069167643611,0.23846755277560594
B1,B1-Z04,0,1224,319,0.7174677608440797,0.24941360437842064
B1,B1-Z04,1,1220,330,0.7151230949589683,0.2580140734949179
B1,B1-Z04,2,1222,353,0.716295427901524,0.2759968725566849
B1,B1-Z04,3,1271,350,0.7450175849941383,0.2736512900703675
B1,B1-Z04,4,1273,328,0.746189917936694,0.25645035183737297
B1,B1-Z04,5,1269,317,0.7438452520515827,0.24784988272087569
B1,B1-Z05,0,951,299,0.5574443141852286,0.23377638780297108
B1,B1-Z05,1,922,299,0.5404454865181711,0.23377638780297108
B1,B1-Z05,2,919,302,0.5386869871043376,0.2361219702892885
B1,B1-Z05,3,917,318,0.5375146541617819,0.24863174354964818
B1,B1-Z05,4,893,321,0.5234466588511137,0.2509773260359656
B1,B1-Z05,5,893,366,0.5234466588511137,0.2861610633307271
B1,B1-Z05,6,951,363,0.5574443141852286,0.2838154808444097
B1,B1-Z05,7,954,360,0.5592028135990621,0.2814698983580923
B1,B1-Z05,8,955,327,0.55978898007034,0.25566849100860045
B1,B1-Z06,0,1036,317,0.6072684642438453,0.24784988272087569
B1,B1-Z06,1,1034,341,0.6060961313012896,0.26661454261141515
B1,B1-Z06,2,1037,358,0.6078546307151231,0.2799061767005473
B1,B1-Z06,3,1080,358,0.6330597889800703,0.2799061767005473
B1,B1-Z06,4,1092,355,0.6400937866354045,0.27756059421422985
B1,B1-Z06,5,1094,331,0.6412661195779601,0.25879593432369036
B1,B1-Z06,6,1091,317,0.6395076201641267,0.24784988272087569
B1,B1-Z07,0,1115,325,0.6535756154747948,0.2541047693510555
B1,B1-Z07,1,1113,349,0.6524032825322391,0.272869429241595
B1,B1-Z07,2,1117,356,0.6547479484173505,0.27834245504300237
B1,B1-Z07,3,1196,354,0.7010550996483002,0.2767787333854574
B1,B1-Z07,4,1198,351,0.7022274325908558,0.27443315089913994
B1,B1-Z07,5,1198,337,0.7022274325908558,0.26348709929632524
B1,B1-Z07,6,1186,335,0.6951934349355217,0.2619233776387803
B1,B1-Z07,7,1180,323,0.6916764361078547,0.25254104769351055
B1,B1-Z07,8,1117,322,0.6547479484173505,0.2517591868647381
B1,B1-Z08,0,1176,356,0.6893317702227433,0.27834245504300237
B1,B1-Z08,1,1176,384,0.6893317702227433,0.30023455824863177
B1,B1-Z08,2,1211,381,0.7098475967174678,0.2978889757623143
B1,B1-Z08,3,1209,358,0.7086752637749121,0.2799061767005473
B1,B1-Z08,4,1186,354,0.6951934349355217,0.2767787333854574
B1,B1-Z09,0,1038,365,0.608440797186401,0.28537920250195464
B1,B1-Z09,1,1035,375,0.6066822977725674,0.29319781078967944
B1,B1-Z09,2,1036,402,0.6072684642438453,0.31430805316653637
B1,B1-Z09,3,1065,403,0.6242672919109027,0.31508991399530883
B1,B1-Z09,4,1066,367,0.6248534583821805,0.2869429241594996
B1,B1-Z10,0,1424,337,0.8347010550996483,0.26348709929632524
B1,B1-Z10,1,1422,367,0.8335287221570926,0.2869429241594996
B1,B1-Z10,2,1433,434,0.8399765533411488,0.3393275996872557
B1,B1-Z10,3,1549,434,0.9079718640093787,0.3393275996872557
B1,B1-Z10,4,1549,334,0.9079718640093787,0.2611415168100078
B1,B1-Z10,5,1431,334,0.8388042203985931,0.2611415168100078
B1,B1-Z11,0,871,331,0.5105509964830012,0.25879593432369036
B1,B1-Z11,1,840,318,0.492379835873388,0.24863174354964818
B1,B1-Z11,2,807,322,0.4730363423212192,0.2517591868647381
B1,B1-Z11,3,801,337,0.4695193434935522,0.26348709929632524
B1,B1-Z11,4,713,337,0.417936694021102,0.26348709929632524
B1,B1-Z11,5,708,386,0.41500586166471276,0.3017982799061767
B1,B1-Z11,6,685,367,0.4015240328253224,0.2869429241594996
B1,B1-Z11,7,691,397,0.40504103165298944,0.31039874902267395
B1,B1-Z11,8,807,378,0.4730363423212192,0.2955433932759969
B1,B1-Z11,9,815,407,0.47772567409144195,0.31821735731039874
B1,B1-Z11,10,687,409,0.4026963657678781,0.3197810789679437
B1,B1-Z11,11,688,474,0.40328253223915594,0.3706020328381548
B1,B1-Z11,12,709,477,0.4155920281359906,0.37294761532447224
B1,B1-Z11,13,723,446,0.42379835873388044,0.3487099296325254
B1,B1-Z11,14,832,436,0.4876905041031653,0.3408913213448006
B1,B1-Z11,15,831,409,0.48710433763188743,0.3197810789679437
B1,B1-Z11,16,845,405,0.49531066822977726,0.3166536356528538
B1,B1-Z11,17,844,376,0.4947245017584994,0.2939796716184519
B1,B1-Z11,18,855,373,0.5011723329425557,0.29163408913213446
B1,B1-Z11,19,860,407,0.5041031652989449,0.31821735731039874
B1,B1-Z11,20,874,407,0.5123094958968347,0.31821735731039874
B1,B1-Z11,21,876,449,0.5134818288393904,0.35105551211884284
B1,B1-Z11,22,880,363,0.5158264947245017,0.2838154808444097
B1,B1-Z11,23,871,403,0.5105509964830012,0.31508991399530883
B1,B1-Z11,24,864,365,0.5064478311840562,0.28537920250195464
B1,B1-Z12,0,1234,377,0.7233294255568582,0.2947615324472244
B1,B1-Z12,1,1234,404,0.7233294255568582,0.3158717748240813
B1,B1-Z12,2,1264,401,0.7409144196951934,0.31352619233776385
B1,B1-Z12,3,1272,392,0.7456037514654161,0.3064894448788116
B1,B1-Z12,4,1268,376,0.7432590855803048,0.2939796716184519
B1,B1-Z13,0,1218,377,0.7139507620164126,0.2947615324472244
B1,B1-Z13,1,1215,380,0.7121922626025792,0.2971071149335418
B1,B1-Z13,2,1217,390,0.7133645955451349,0.3049257232212666
B1,B1-Z13,3,1214,403,0.7116060961313013,0.31508991399530883
B1,B1-Z13,4,1226,403,0.7186400937866354,0.31508991399530883
B1,B1-Z13,5,1231,395,0.7215709261430246,0.308835027365129
B1,B1-Z13,6,1231,380,0.7215709261430246,0.2971071149335418
B1,B1-Z13,7,1229,377,0.720398593200469,0.2947615324472244
B1,B1-Z14,0,919,373,0.5386869871043376,0.29163408913213446
B1,B1-Z14,1,916,376,0.536928487690504,0.2939796716184519
B1,B1-Z14,2,916,407,0.536928487690504,0.31821735731039874
B1,B1-Z14,3,919,412,0.5386869871043376,0.32212666145426117
B1,B1-Z14,4,935,410,0.5480656506447831,0.3205629397967162
B1,B1-Z14,5,938,405,0.5498241500586166,0.3166536356528538
B1,B1-Z14,6,937,375,0.5492379835873388,0.29319781078967944
B1,B1-Z15,0,1214,382,0.7116060961313013,0.2986708365910868
B1,B1-Z15,1,1177,385,0.6899179366940211,0.30101641907740423
B1,B1-Z15,2,1178,400,0.690504103165299,0.3127443315089914
B1,B1-Z15,3,1192,403,0.6987104337631888,0.31508991399530883
B1,B1-Z15,4,1211,402,0.7098475967174678,0.31430805316653637
B1,B1-Z15,5,1216,390,0.712778429073857,0.3049257232212666
B1,B1-Z16,0,423,364,0.24794841735052756,0.2845973416731822
B1,B1-Z16,1,390,360,0.22860492379835873,0.2814698983580923
B1,B1-Z16,2,386,341,0.22626025791324736,0.26661454261141515
B1,B1-Z16,3,365,336,0.21395076201641267,0.2627052384675528
B1,B1-Z16,4,357,321,0.20926143024618993,0.2509773260359656
B1,B1-Z16,5,257,321,0.15064478311840562,0.2509773260359656
B1,B1-Z16,6,196,333,0.11488862837045721,0.26035965598123534
B1,B1-Z16,7,186,355,0.10902696365767878,0.27756059421422985
B1,B1-Z16,8,118,355,0.06916764361078546,0.27756059421422985
B1,B1-Z16,9,106,408,0.06213364595545135,0.3189992181391712
B1,B1-Z16,10,72,416,0.04220398593200469,0.32525410476935107
B1,B1-Z16,11,65,471,0.038100820633059786,0.36825645035183735
B1,B1-Z16,12,91,479,0.053341148886283704,0.3745113369820172
B1,B1-Z16,13,334,478,0.19577960140679954,0.3737294761532447
B1,B1-Z16,14,340,462,0.19929660023446658,0.3612197028928851
B1,B1-Z16,15,375,462,0.2198124267291911,0.3612197028928851
B1,B1-Z16,16,379,479,0.22215709261430247,0.3745113369820172
B1,B1-Z16,17,423,478,0.24794841735052756,0.3737294761532447
B1,B1-Z16,18,431,400,0.25263774912075027,0.3127443315089914
B1,B1-Z17,0,1388,411,0.813599062133646,0.32134480062548865
B1,B1-Z17,1,1390,422,0.8147713950762017,0.3299452697419859
B1,B1-Z17,2,1420,421,0.8323563892145369,0.32916340891321344
B1,B1-Z17,3,1419,414,0.8317702227432591,0.3236903831118061
B1,B1-Z17,4,1414,408,0.8288393903868698,0.3189992181391712
B1,B1-Z18,0,430,339,0.25205158264947247,0.2650508209538702
B1,B1-Z18,1,426,385,0.24970691676436108,0.30101641907740423
B1,B1-Z18,2,437,397,0.25615474794841736,0.31039874902267395
B1,B1-Z18,3,636,401,0.37280187573270807,0.31352619233776385
B1,B1-Z18,4,630,434,0.369284876905041,0.3393275996872557
B1,B1-Z18,5,623,418,0.36518171160609614,0.326817826426896
B1,B1-Z18,6,587,420,0.3440797186400938,0.328381548084441
B1,B1-Z18,7,589,484,0.3452520515826495,0.3784206411258796
B1,B1-Z18,8,610,493,0.35756154747948415,0.3854573885848319
B1,B1-Z18,9,608,565,0.3563892145369285,0.44175136825645034
B1,B1-Z18,10,654,557,0.38335287221570924,0.4354964816262705
B1,B1-Z18,11,665,470,0.3898007033997655,0.3674745895230649
B1,B1-Z18,12,660,349,0.38686987104337633,0.272869429241595
B1,B1-Z18,13,625,352,0.36635404454865184,0.2752150117279124
B1,B1-Z18,14,620,336,0.3634232121922626,0.2627052384675528
B1,B1-Z18,15,507,336,0.29718640093786636,0.2627052384675528
B1,B1-Z18,16,492,356,0.28839390386869873,0.27834245504300237
B1,B1-Z18,17,483,339,0.28311840562719814,0.2650508209538702
B1,B1-Z19,0,882,411,0.5169988276670574,0.32134480062548865
B1,B1-Z19,1,881,454,0.5164126611957796,0.35496481626270526
B1,B1-Z19,2,892,453,0.5228604923798359,0.35418295543393274
B1,B1-Z19,3,906,459,0.5310668229777257,0.35887412040656763
B1,B1-Z19,4,906,416,0.5310668229777257,0.32525410476935107
B1,B1-Z19,5,898,411,0.5263774912075029,0.32134480062548865
B1,B1-Z20,0,992,413,0.5814771395076201,0.3229085222830336
B1,B1-Z20,1,992,468,0.5814771395076201,0.36591086786551996
B1,B1-Z20,2,997,473,0.5844079718640094,0.36982017200938233
B1,B1-Z20,3,1043,472,0.6113716295427901,0.36903831118060987
B1,B1-Z20,4,1055,457,0.6184056271981243,0.35731039874902265
B1,B1-Z20,5,1118,457,0.6553341148886284,0.35731039874902265
B1,B1-Z20,6,1125,447,0.6594372801875733,0.3494917904612979
B1,B1-Z20,7,1241,447,0.727432590855803,0.3494917904612979
B1,B1-Z20,8,1232,409,0.7221570926143025,0.3197810789679437
B1,B1-Z21,0,841,411,0.49296600234466587,0.32134480062548865
B1,B1-Z21,1,837,418,0.4906213364595545,0.326817826426896
B1,B1-Z21,2,837,455,0.4906213364595545,0.3557466770914777
B1,B1-Z21,3,840,460,0.492379835873388,0.3596559812353401
B1,B1-Z21,4,856,461,0.5017584994138335,0.3604378420641126
B1,B1-Z21,5,860,457,0.5041031652989449,0.35731039874902265
B1,B1-Z21,6,861,414,0.5046893317702228,0.3236903831118061
B1,B1-Z21,7,858,411,0.5029308323563892,0.32134480062548865
B1,B1-Z22,0,1238,416,0.7256740914419695,0.32525410476935107
B1,B1-Z22,1,1238,430,0.7256740914419695,0.33620015637216577
B1,B1-Z22,2,1243,446,0.7286049237983587,0.3487099296325254
B1,B1-Z22,3,1280,446,0.7502930832356389,0.3487099296325254
B1,B1-Z22,4,1281,430,0.7508792497069168,0.33620015637216577
B1,B1-Z22,5,1278,423,0.7491207502930832,0.3307271305707584
B1,B1-Z22,6,1267,430,0.742672919109027,0.33620015637216577
B1,B1-Z22,7,1251,433,0.7332942555685815,0.3385457388584832
B1,B1-Z22,8,1241,424,0.727432590855803,0.3315089913995309
B1,B1-Z22,9,1241,418,0.727432590855803,0.326817826426896
B1,B1-Z23,0,884,454,0.5181711606096131,0.35496481626270526
B1,B1-Z23,1,881,458,0.5164126611957796,0.35809225957779517
B1,B1-Z23,2,884,488,0.5181711606096131,0.3815480844409695
B1,B1-Z23,3,887,492,0.5199296600234466,0.3846755277560594
B1,B1-Z23,4,896,494,0.5252051582649473,0.3862392494136044
B1,B1-Z23,5,901,489,0.5281359906213364,0.382329945269742
B1,B1-Z23,6,902,460,0.5287221570926143,0.3596559812353401
B1,B1-Z23,7,897,456,0.5257913247362251,0.3565285379202502
B1,B1-Z24,0,950,411,0.5568581477139508,0.32134480062548865
B1,B1-Z24,1,943,417,0.5527549824150059,0.32603596559812353
B1,B1-Z24,2,945,571,0.5539273153575616,0.4464425332290852
B1,B1-Z24,3,991,570,0.5808909730363423,0.44566067240031276
B1,B1-Z24,4,991,522,0.5808909730363423,0.4081313526192338
B1,B1-Z24,5,984,515,0.5767878077373975,0.40265832681782643
B1,B1-Z24,6,981,416,0.5750293083235639,0.32525410476935107
B1,B1-Z24,7,975,410,0.5715123094958968,0.3205629397967162
B1,B1-Z25,0,855,527,0.5011723329425557,0.41204065676309615
B1,B1-Z25,1,854,574,0.5005861664712778,0.44878811571540267
B1,B1-Z25,2,893,578,0.5234466588511137,0.4519155590304926
B1,B1-Z25,3,886,581,0.5193434935521688,0.45426114151681
B1,B1-Z25,4,886,614,0.5193434935521688,0.4800625488663018
B1,B1-Z25,5,878,623,0.5146541617819461,0.4870992963252541
B1,B1-Z25,6,879,637,0.515240328253224,0.4980453479280688
B1,B1-Z25,7,908,638,0.5322391559202814,0.4988272087568413
B1,B1-Z25,8,911,635,0.5339976553341149,0.49648162627052383
B1,B1-Z25,9,911,590,0.5339976553341149,0.4612978889757623
B1,B1-Z25,10,906,579,0.5310668229777257,0.45269741985926504
B1,B1-Z25,11,910,572,0.5334114888628371,0.4472243940578577
B1,B1-Z25,12,909,528,0.5328253223915592,0.41282251759186867
B1,B1-Z26,0,429,439,0.2514654161781946,0.34323690383111805
B1,B1-Z26,1,427,504,0.2502930832356389,0.3940578577013292
B1,B1-Z26,2,544,600,0.31887456037514655,0.4691164972634871
B1,B1-Z26,3,544,683,0.31887456037514655,0.5340109460516028
B1,B1-Z26,4,606,699,0.3552168815943728,0.5465207193119624
B1,B1-Z26,5,559,773,0.3276670574443142,0.6043784206411259
B1,B1-Z26,6,639,780,0.3745603751465416,0.6098514464425332
B1,B1-Z26,7,671,747,0.39331770222743256,0.5840500390930414
B1,B1-Z26,8,671,701,0.39331770222743256,0.5480844409695075
B1,B1-Z26,9,644,689,0.37749120750293086,0.5387021110242377
B1,B1-Z26,10,631,647,0.3698710433763189,0.5058639562157936
B1,B1-Z26,11,640,623,0.37514654161781946,0.4870992963252541
B1,B1-Z26,12,685,640,0.4015240328253224,0.5003909304143862
B1,B1-Z26,13,684,672,0.40093786635404455,0.5254104769351056
B1,B1-Z26,14,706,692,0.4138335287221571,0.5410476935105551
B1,B1-Z26,15,870,683,0.5099648300117233,0.5340109460516028
B1,B1-Z26,16,869,644,0.5093786635404455,0.5035183737294762
B1,B1-Z26,17,829,641,0.4859320046893318,0.5011727912431587
B1,B1-Z26,18,823,627,0.4824150058616647,0.490226739640344
B1,B1-Z26,19,708,626,0.41500586166471276,0.48944487881157156
B1,B1-Z26,20,692,639,0.4056271981242673,0.49960906958561374
B1,B1-Z26,21,683,575,0.4003516998827667,0.44956997654417513
B1,B1-Z26,22,625,570,0.36635404454865184,0.44566067240031276
B1,B1-Z26,23,614,618,0.35990621336459555,0.4831899921813917
B1,B1-Z26,24,532,497,0.3118405627198124,0.3885848318999218
B1,B1-Z27,0,1419,426,0.8317702227432591,0.33307271305707586
B1,B1-Z27,1,1286,408,0.753810082063306,0.3189992181391712
B1,B1-Z27,2,1281,450,0.7508792497069168,0.3518373729476153
B1,B1-Z27,3,1126,451,0.6600234466588512,0.3526192337763878
B1,B1-Z27,4,1120,518,0.6565064478311841,0.40500390930414387
B1,B1-Z27,5,1050,520,0.6154747948417351,0.4065676309616888
B1,B1-Z27,6,1044,570,0.611957796014068,0.44566067240031276
B1,B1-Z27,7,945,576,0.5539273153575616,0.4503518373729476
B1,B1-Z27,8,949,646,0.556271981242673,0.5050820953870211
B1,B1-Z27,9,1011,655,0.5926143024618992,0.5121188428459734
B1,B1-Z27,10,1077,597,0.6313012895662368,0.46677091477716964
B1,B1-Z27,11,1002,711,0.5873388042203986,0.5559030492572322
B1,B1-Z27,12,1012,957,0.593200468933177,0.7482408131352619
B1,B1-Z27,13,1090,996,0.6389214536928488,0.7787333854573886
B1,B1-Z27,14,1215,983,0.7121922626025792,0.7685691946833464
B1,B1-Z27,15,1204,895,0.7057444314185228,0.6997654417513682
B1,B1-Z27,16,1178,880,0.690504103165299,0.6880375293197811
B1,B1-Z27,17,1216,858,0.712778429073857,0.6708365910867865
B1,B1-Z27,18,1289,870,0.7555685814771395,0.6802189210320563
B1,B1-Z27,19,1343,973,0.787221570926143,0.7607505863956215
B1,B1-Z27,20,1486,978,0.8710433763188745,0.764659890539484
B1,B1-Z27,21,1549,944,0.9079718640093787,0.7380766223612197
B1,B1-Z27,22,1481,508,0.8681125439624854,0.3971853010164191
B1,B1-Z27,23,1430,501,0.8382180539273154,0.39171227521501173
B1,B1-Z28,0,823,711,0.4824150058616647,0.5559030492572322
B1,B1-Z28,1,822,804,0.48182883939038684,0.6286161063330727
B1,B1-Z28,2,826,816,0.48417350527549824,0.6379984362783424
B1,B1-Z28,3,847,814,0.49648300117233296,0.6364347146207975
B1,B1-Z28,4,852,770,0.49941383352872215,0.6020328381548085
B1,B1-Z28,5,958,770,0.5615474794841735,0.6020328381548085
B1,B1-Z28,6,961,766,0.563305978898007,0.5989053948397185
B1,B1-Z28,7,960,720,0.5627198124267292,0.5629397967161845
B1,B1-Z28,8,954,711,0.5592028135990621,0.5559030492572322
B1,B1-Z29,0,812,709,0.47596717467760846,0.5543393275996873
B1,B1-Z29,1,800,707,0.46893317702227433,0.5527756059421423
B1,B1-Z29,2,778,717,0.45603751465416176,0.5605942142298671
B1,B1-Z29,3,690,806,0.4044548651817116,0.6301798279906177
B1,B1-Z29,4,707,844,0.4144196951934349,0.6598905394839718
B1,B1-Z29,5,717,893,0.42028135990621335,0.6982017200938233
B1,B1-Z29,6,731,906,0.4284876905041032,0.7083659108678655
B1,B1-Z29,7,781,901,0.4577960140679953,0.7044566067240031
B1,B1-Z29,8,793,889,0.46483001172332944,0.6950742767787333
B1,B1-Z29,9,797,826,0.4671746776084408,0.6458170445660673
B1,B1-Z29,10,818,814,0.4794841735052755,0.6364347146207975
B1,B1-Z29,11,818,714,0.4794841735052755,0.5582486317435497
B1,B1-Z30,0,880,781,0.5158264947245017,0.6106333072713057
B1,B1-Z30,1,876,832,0.5134818288393904,0.6505082095387021
B1,B1-Z30,2,879,910,0.515240328253224,0.7114933541829555
B1,B1-Z30,3,889,914,0.5211019929660023,0.7146207974980453
B1,B1-Z30,4,965,912,0.5656506447831184,0.7130570758405004
B1,B1-Z30,5,968,906,0.567409144196952,0.7083659108678655
B1,B1-Z30,6,968,842,0.567409144196952,0.6583268178264269
B1,B1-Z30,7,962,782,0.5638921453692849,0.6114151681000782
B1,B1-Z31,0,425,871,0.24912075029308323,0.6810007818608288
B1,B1-Z31,1,416,990,0.24384525205158264,0.7740422204847537
B1,B1-Z31,2,425,1008,0.24912075029308323,0.7881157154026583
B1,B1-Z31,3,474,1014,0.27784290738569756,0.7928068803752932
B1,B1-Z31,4,562,1002,0.32942555685814773,0.7834245504300235
B1,B1-Z31,5,581,1015,0.34056271981242675,0.7935887412040656
B1,B1-Z31,6,588,1001,0.34466588511137164,0.7826426896012509
B1,B1-Z31,7,600,1074,0.3516998827667057,0.8397185301016419
B1,B1-Z31,8,765,1067,0.44841735052754983,0.8342455043002346
B1,B1-Z31,9,739,1063,0.4331770222743259,0.8311180609851446
B1,B1-Z31,10,768,1052,0.4501758499413834,0.8225175918686474
B1,B1-Z31,11,756,943,0.44314185228604924,0.7372947615324472
B1,B1-Z31,12,591,944,0.34642438452520513,0.7380766223612197
B1,B1-Z31,13,561,930,0.3288393903868699,0.727130570758405
B1,B1-Z31,14,502,869,0.29425556858147717,0.6794370602032838
1F,1F-Z01,0,1014,258,0.5943728018757327,0.20172009382329945
1F,1F-Z01,1,1013,280,0.5937866354044549,0.21892103205629398
1F,1F-Z01,2,1025,277,0.6008206330597889,0.21657544956997654
1F,1F-Z01,3,1062,276,0.6225087924970691,0.21579358874120408
1F,1F-Z01,4,1060,256,0.6213364595545134,0.2001563721657545
1F,1F-Z01,5,1025,255,0.6008206330597889,0.19937451133698203
1F,1F-Z02,0,1348,259,0.7901524032825322,0.20250195465207194
1F,1F-Z02,1,1326,247,0.7772567409144197,0.1931196247068022
1F,1F-Z02,2,1263,249,0.7403282532239156,0.19468334636434714
1F,1F-Z02,3,1259,259,0.7379835873388042,0.20250195465207194
1F,1F-Z02,4,1259,276,0.7379835873388042,0.21579358874120408
1F,1F-Z02,5,1262,291,0.7397420867526378,0.22752150117279124
1F,1F-Z02,6,1268,297,0.7432590855803048,0.23221266614542613
1F,1F-Z02,7,1272,328,0.7456037514654161,0.25645035183737297
1F,1F-Z02,8,1271,346,0.7450175849941383,0.2705238467552776
1F,1F-Z02,9,1279,345,0.7497069167643611,0.26974198592650506
1F,1F-Z02,10,1319,314,0.7731535756154748,0.24550430023455824
1F,1F-Z02,11,1348,269,0.7901524032825322,0.21032056293979673
1F,1F-Z03,0,607,307,0.35580304806565066,0.2400312744331509
1F,1F-Z03,1,607,283,0.35580304806565066,0.22126661454261143
1F,1F-Z03,2,603,272,0.35345838218053927,0.21266614542611414
1F,1F-Z03,3,578,272,0.3388042203985932,0.21266614542611414
1F,1F-Z03,4,552,278,0.3235638921453693,0.21735731039874903
1F,1F-Z03,5,551,292,0.32297772567409144,0.22830336200156373
1F,1F-Z03,6,575,290,0.33704572098475966,0.22673964034401878
1F,1F-Z03,7,582,293,0.34114888628370454,0.2290852228303362
1F,1F-Z03,8,583,310,0.3417350527549824,0.24237685691946834
1F,1F-Z04,0,745,259,0.43669402110199296,0.20250195465207194
1F,1F-Z04,1,704,260,0.4126611957796014,0.2032838154808444
1F,1F-Z04,2,693,265,0.40621336459554513,0.2071931196247068
1F,1F-Z04,3,694,366,0.406799531066823,0.2861610633307271
1F,1F-Z04,4,698,373,0.4091441969519343,0.29163408913213446
1F,1F-Z04,5,752,373,0.44079718640093785,0.29163408913213446
1F,1F-Z04,6,762,368,0.4466588511137163,0.2877247849882721
1F,1F-Z04,7,766,362,0.4490035169988277,0.2830336200156372
1F,1F-Z04,8,766,343,0.4490035169988277,0.26817826426896013
1F,1F-Z04,9,757,341,0.4437280187573271,0.26661454261141515
1F,1F-Z04,10,752,332,0.44079718640093785,0.2595777951524629
1F,1F-Z04,11,742,328,0.4349355216881594,0.25645035183737297
1F,1F-Z04,12,741,293,0.4343493552168816,0.2290852228303362
1F,1F-Z04,13,750,289,0.4396248534583822,0.2259577795152463
1F,1F-Z04,14,749,263,0.43903868698710435,0.20562939796716184
1F,1F-Z05,0,906,260,0.5310668229777257,0.2032838154808444
1F,1F-Z05,1,872,260,0.511137162954279,0.2032838154808444
1F,1F-Z05,2,870,303,0.5099648300117233,0.236903831118061
1F,1F-Z05,3,866,307,0.5076201641266119,0.2400312744331509
1F,1F-Z05,4,814,309,0.4771395076201641,0.24159499609069585
1F,1F-Z05,5,811,328,0.4753810082063306,0.25645035183737297
1F,1F-Z05,6,788,330,0.4618991793669402,0.2580140734949179
1F,1F-Z05,7,790,355,0.4630715123094959,0.27756059421422985
1F,1F-Z05,8,804,354,0.4712778429073857,0.2767787333854574
1F,1F-Z05,9,805,346,0.4718640093786635,0.2705238467552776
1F,1F-Z05,10,823,340,0.4824150058616647,0.2658326817826427
1F,1F-Z05,11,831,329,0.48710433763188743,0.25723221266614543
1F,1F-Z05,12,848,328,0.4970691676436108,0.25645035183737297
1F,1F-Z05,13,854,338,0.5005861664712778,0.2642689601250977
1F,1F-Z05,14,853,349,0.5,0.272869429241595
1F,1F-Z05,15,825,357,0.4835873388042204,0.27912431587177483
1F,1F-Z05,16,823,366,0.4824150058616647,0.2861610633307271
1F,1F-Z05,17,893,362,0.5234466588511137,0.2830336200156372
1F,1F-Z05,18,893,328,0.5234466588511137,0.25645035183737297
1F,1F-Z05,19,889,336,0.5211019929660023,0.2627052384675528
1F,1F-Z05,20,887,325,0.5199296600234466,0.2541047693510555
1F,1F-Z05,21,892,325,0.5228604923798359,0.2541047693510555
1F,1F-Z05,22,892,306,0.5228604923798359,0.23924941360437843
1F,1F-Z05,23,910,300,0.5334114888628371,0.23455824863174354
1F,1F-Z06,0,1265,297,0.7415005861664713,0.23221266614542613
1F,1F-Z06,1,1258,294,0.7373974208675264,0.22986708365910868
1F,1F-Z06,2,1181,297,0.6922626025791325,0.23221266614542613
1F,1F-Z06,3,1183,356,0.6934349355216881,0.27834245504300237
1F,1F-Z06,4,1229,357,0.720398593200469,0.27912431587177483
1F,1F-Z06,5,1245,355,0.7297772567409144,0.27756059421422985
1F,1F-Z06,6,1264,348,0.7409144196951934,0.2720875684128225
1F,1F-Z06,7,1270,335,0.7444314185228605,0.2619233776387803
1F,1F-Z07,0,1084,280,0.6354044548651817,0.21892103205629398
1F,1F-Z07,1,1018,279,0.5967174677608441,0.2181391712275215
1F,1F-Z07,2,1012,299,0.593200468933177,0.23377638780297108
1F,1F-Z07,3,982,301,0.5756154747948418,0.23534010946051603
1F,1F-Z07,4,976,309,0.5720984759671747,0.24159499609069585
1F,1F-Z07,5,966,301,0.5662368112543963,0.23534010946051603
1F,1F-Z07,6,939,302,0.5504103165298945,0.2361219702892885
1F,1F-Z07,7,934,309,0.5474794841735052,0.24159499609069585
1F,1F-Z07,8,930,302,0.5451348182883939,0.2361219702892885
1F,1F-Z07,9,897,303,0.5257913247362251,0.236903831118061
1F,1F-Z07,10,892,312,0.5228604923798359,0.2439405785770133
1F,1F-Z07,11,894,363,0.5240328253223916,0.2838154808444097
1F,1F-Z07,12,1092,359,0.6400937866354045,0.28068803752931976
1F,1F-Z07,13,1093,354,0.6406799531066822,0.2767787333854574
1F,1F-Z07,14,1082,346,0.634232121922626,0.2705238467552776
1F,1F-Z07,15,1068,344,0.6260257913247362,0.2689601250977326
1F,1F-Z07,16,1065,333,0.6242672919109027,0.26035965598123534
1F,1F-Z07,17,1071,317,0.6277842907385698,0.24784988272087569
1F,1F-Z07,18,1071,290,0.6277842907385698,0.22673964034401878
1F,1F-Z07,19,1085,286,0.6359906213364596,0.22361219702892884
1F,1F-Z08,0,1120,298,0.6565064478311841,0.2329945269741986
1F,1F-Z08,1,1118,326,0.6553341148886284,0.254886630179828
1F,1F-Z08,2,1124,355,0.6588511137162955,0.27756059421422985
1F,1F-Z08,3,1128,358,0.6611957796014069,0.2799061767005473
1F,1F-Z08,4,1148,360,0.6729191090269636,0.2814698983580923
1F,1F-Z08,5,1177,358,0.6899179366940211,0.2799061767005473
1F,1F-Z08,6,1181,350,0.6922626025791325,0.2736512900703675
1F,1F-Z08,7,1176,298,0.6893317702227433,0.2329945269741986
1F,1F-Z09,0,1451,338,0.85052754982415,0.2642689601250977
1F,1F-Z09,1,1433,321,0.8399765533411488,0.2509773260359656
1F,1F-Z09,2,1419,320,0.8317702227432591,0.2501954652071931
1F,1F-Z09,3,1382,345,0.8100820633059789,0.26974198592650506
1F,1F-Z09,4,1368,361,0.8018757327080891,0.28225175918686474
1F,1F-Z09,5,1357,383,0.7954279015240329,0.29945269741985925
1F,1F-Z09,6,1344,429,0.7878077373974208,0.33541829554339325
1F,1F-Z09,7,1354,424,0.7936694021101993,0.3315089913995309
1F,1F-Z09,8,1463,421,0.8575615474794842,0.32916340891321344
1F,1F-Z10,0,1093,417,0.6406799531066822,0.32603596559812353
1F,1F-Z10,1,1087,414,0.6371629542790153,0.3236903831118061
1F,1F-Z10,2,996,416,0.5838218053927315,0.32525410476935107
1F,1F-Z10,3,991,420,0.5808909730363423,0.328381548084441
1F,1F-Z10,4,992,450,0.5814771395076201,0.3518373729476153
1F,1F-Z10,5,998,454,0.5849941383352872,0.35496481626270526
1F,1F-Z10,6,1022,454,0.5990621336459554,0.35496481626270526
1F,1F-Z10,7,1028,444,0.6025791324736225,0.34714620797498047
1F,1F-Z10,8,1037,442,0.6078546307151231,0.3455824863174355
1F,1F-Z10,9,1046,448,0.6131301289566237,0.3502736512900704
1F,1F-Z10,10,1046,469,0.6131301289566237,0.3666927286942924
1F,1F-Z10,11,1095,467,0.6418522860492379,0.36512900703674744
1F,1F-Z11,0,692,427,0.4056271981242673,0.3338545738858483
1F,1F-Z11,1,692,464,0.4056271981242673,0.36278342455043
1F,1F-Z11,2,695,469,0.40738569753810083,0.3666927286942924
1F,1F-Z11,3,736,469,0.43141852286049237,0.3666927286942924
1F,1F-Z11,4,754,466,0.44196951934349354,0.364347146207975
1F,1F-Z11,5,755,445,0.4425556858147714,0.34792806880375293
1F,1F-Z11,6,750,424,0.4396248534583822,0.3315089913995309
1F,1F-Z12,0,1465,426,0.8587338804220399,0.33307271305707586
1F,1F-Z12,1,1353,428,0.7930832356389215,0.3346364347146208
1F,1F-Z12,2,1344,443,0.7878077373974208,0.34636434714620795
1F,1F-Z12,3,1346,471,0.7889800703399765,0.36825645035183735
1F,1F-Z12,4,1360,463,0.7971864009378663,0.36200156372165754
1F,1F-Z12,5,1383,463,0.8106682297772567,0.36200156372165754
1F,1F-Z12,6,1388,472,0.813599062133646,0.36903831118060987
1F,1F-Z12,7,1463,469,0.8575615474794842,0.3666927286942924
1F,1F-Z12,8,1469,463,0.8610785463071512,0.36200156372165754
1F,1F-Z13,0,948,420,0.5556858147713951,0.328381548084441
1F,1F-Z13,1,910,418,0.5334114888628371,0.326817826426896
1F,1F-Z13,2,870,421,0.5099648300117233,0.32916340891321344
1F,1F-Z13,3,865,427,0.5070339976553341,0.3338545738858483
1F,1F-Z13,4,867,489,0.5082063305978898,0.382329945269742
1F,1F-Z13,5,873,492,0.5117233294255569,0.3846755277560594
1F,1F-Z13,6,897,491,0.5257913247362251,0.38389366692728694
1F,1F-Z13,7,905,481,0.5304806565064478,0.37607505863956214
1F,1F-Z13,8,949,479,0.556271981242673,0.3745113369820172
1F,1F-Z13,9,951,458,0.5574443141852286,0.35809225957779517
1F,1F-Z14,0,1026,447,0.6014067995310668,0.3494917904612979
1F,1F-Z14,1,1024,457,0.6002344665885111,0.35731039874902265
1F,1F-Z14,2,1027,463,0.6019929660023446,0.36200156372165754
1F,1F-Z14,3,1045,463,0.6125439624853458,0.36200156372165754
1F,1F-Z14,4,1043,445,0.6113716295427901,0.34792806880375293
1F,1F-Z14,5,1033,443,0.6055099648300117,0.34636434714620795
1F,1F-Z15,0,1194,419,0.6998827667057445,0.3275996872556685
1F,1F-Z15,1,1167,413,0.6840562719812426,0.3229085222830336
1F,1F-Z15,2,1098,416,0.6436107854630715,0.32525410476935107
1F,1F-Z15,3,1094,420,0.6412661195779601,0.328381548084441
1F,1F-Z15,4,1097,466,0.6430246189917936,0.364347146207975
1F,1F-Z15,5,1047,471,0.6137162954279015,0.36825645035183735
1F,1F-Z15,6,1052,510,0.6166471277842908,0.39874902267396406
1F,1F-Z15,7,1147,510,0.6723329425556858,0.39874902267396406
1F,1F-Z15,8,1150,517,0.6740914419695193,0.4042220484753714
1F,1F-Z15,9,1199,512,0.7028135990621337,0.400312744331509
1F,1F-Z16,0,814,426,0.4771395076201641,0.33307271305707586
1F,1F-Z16,1,788,426,0.4618991793669402,0.33307271305707586
1F,1F-Z16,2,789,477,0.46248534583821804,0.37294761532447224
1F,1F-Z16,3,786,480,0.46072684642438455,0.3752931978107897
1F,1F-Z16,4,771,478,0.45193434935521687,0.3737294761532447
1F,1F-Z16,5,761,482,0.44607268464243843,0.37685691946833466
1F,1F-Z16,6,761,511,0.44607268464243843,0.3995308835027365
1F,1F-Z16,7,764,517,0.447831184056272,0.4042220484753714
1F,1F-Z16,8,818,517,0.4794841735052755,0.4042220484753714
1F,1F-Z16,9,821,514,0.48124267291910905,0.40187646598905397
1F,1F-Z16,10,819,433,0.48007033997655335,0.3385457388584832
1F,1F-Z17,0,486,284,0.28487690504103164,0.2220484753713839
1F,1F-Z17,1,388,298,0.22743259085580306,0.2329945269741986
1F,1F-Z17,2,381,358,0.22332942555685814,0.2799061767005473
1F,1F-Z17,3,262,360,0.15357561547479484,0.2814698983580923
1F,1F-Z17,4,252,317,0.1477139507620164,0.24784988272087569
1F,1F-Z17,5,152,332,0.08909730363423213,0.2595777951524629
1F,1F-Z17,6,51,414,0.029894490035169988,0.3236903831118061
1F,1F-Z17,7,105,491,0.0615474794841735,0.38389366692728694
1F,1F-Z17,8,174,496,0.10199296600234467,0.38780297107114936
1F,1F-Z17,9,176,584,0.10316529894490035,0.45660672400312746
1F,1F-Z17,10,220,639,0.12895662368112543,0.49960906958561374
1F,1F-Z17,11,321,713,0.18815943728018758,0.5574667709147771
1F,1F-Z17,12,550,699,0.3223915592028136,0.5465207193119624
1F,1F-Z17,13,553,357,0.32415005861664714,0.27912431587177483
1F,1F-Z17,14,490,351,0.28722157092614303,0.27443315089913994
1F,1F-Z18,0,1200,423,0.7033997655334114,0.3307271305707584
1F,1F-Z18,1,1194,429,0.6998827667057445,0.33541829554339325
1F,1F-Z18,2,1202,510,0.7045720984759671,0.39874902267396406
1F,1F-Z18,3,1152,518,0.675263774912075,0.40500390930414387
1F,1F-Z18,4,1157,585,0.6781946072684643,0.4573885848318999
1F,1F-Z18,5,1184,589,0.694021101992966,0.46051602814698983
1F,1F-Z18,6,1279,587,0.7497069167643611,0.4589523064894449
1F,1F-Z18,7,1285,568,0.7532239155920282,0.4440969507427678
1F,1F-Z18,8,1271,475,0.7450175849941383,0.3713838936669273
1F,1F-Z18,9,1258,460,0.7373974208675264,0.3596559812353401
1F,1F-Z18,10,1208,424,0.7080890973036342,0.3315089913995309
1F,1F-Z19,0,961,524,0.563305978898007,0.40969507427677876
1F,1F-Z19,1,958,518,0.5615474794841735,0.40500390930414387
1F,1F-Z19,2,882,519,0.5169988276670574,0.40578577013291633
1F,1F-Z19,3,871,522,0.5105509964830012,0.4081313526192338
1F,1F-Z19,4,871,534,0.5105509964830012,0.4175136825645035
1F,1F-Z19,5,883,556,0.5175849941383353,0.43471462079749806
1F,1F-Z19,6,913,580,0.5351699882766706,0.45347928068803756
1F,1F-Z19,7,956,541,0.5603751465416178,0.42298670836591085
1F,1F-Z20,0,683,552,0.4003516998827667,0.43158717748240816
1F,1F-Z20,1,679,557,0.39800703399765536,0.4354964816262705
1F,1F-Z20,2,680,583,0.39859320046893315,0.45582486317435494
1F,1F-Z20,3,683,587,0.4003516998827667,0.4589523064894449
1F,1F-Z20,4,691,587,0.40504103165298944,0.4589523064894449
1F,1F-Z20,5,691,556,0.40504103165298944,0.43471462079749806
1F,1F-Z20,6,688,552,0.40328253223915594,0.43158717748240816
1F,1F-Z21,0,1309,555,0.7672919109026963,0.43393275996872555
1F,1F-Z21,1,1303,566,0.7637749120750293,0.44253322908522286
1F,1F-Z21,2,1307,593,0.7661195779601406,0.46364347146207974
1F,1F-Z21,3,1332,593,0.7807737397420867,0.46364347146207974
1F,1F-Z21,4,1336,587,0.7831184056271981,0.4589523064894449
1F,1F-Z21,5,1333,557,0.7813599062133646,0.4354964816262705
1F,1F-Z22,0,1355,465,0.7942555685814772,0.3635652853792025
1F,1F-Z22,1,1347,482,0.7895662368112544,0.37685691946833466
1F,1F-Z22,2,1367,532,0.8012895662368112,0.41594996090695857
1F,1F-Z22,3,1359,537,0.7966002344665886,0.41985926505082094
1F,1F-Z22,4,1380,743,0.8089097303634232,0.5809225957779516
1F,1F-Z22,5,1410,748,0.8264947245017585,0.584831899921814
1F,1F-Z22,6,1418,740,0.8311840562719812,0.5785770132916341
1F,1F-Z22,7,1414,688,0.8288393903868698,0.5379202501954652
1F,1F-Z22,8,1471,688,0.8622508792497069,0.5379202501954652
1F,1F-Z22,9,1482,668,0.8686987104337632,0.5222830336200156
1F,1F-Z22,10,1501,662,0.8798358733880423,0.5175918686473807
1F,1F-Z22,11,1495,598,0.8763188745603752,0.46755277560594216
1F,1F-Z22,12,1431,593,0.8388042203985931,0.46364347146207974
1F,1F-Z22,13,1418,531,0.8311840562719812,0.4151681000781861
1F,1F-Z22,14,1386,527,0.8124267291910903,0.41204065676309615
1F,1F-Z22,15,1391,501,0.8153575615474795,0.39171227521501173
1F,1F-Z22,16,1384,465,0.8112543962485346,0.3635652853792025
1F,1F-Z23,0,1218,598,0.7139507620164126,0.46755277560594216
1F,1F-Z23,1,1216,609,0.712778429073857,0.4761532447224394
1F,1F-Z23,2,1221,640,0.7157092614302462,0.5003909304143862
1F,1F-Z23,3,1258,643,0.7373974208675264,0.5027365129007036
1F,1F-Z23,4,1264,653,0.7409144196951934,0.5105551211884285
1F,1F-Z23,5,1287,653,0.7543962485345839,0.5105551211884285
1F,1F-Z23,6,1291,649,0.7567409144196952,0.5074276778733385
1F,1F-Z23,7,1292,624,0.757327080890973,0.4878811571540266
1F,1F-Z23,8,1290,606,0.7561547479484173,0.473807662236122
1F,1F-Z23,9,1285,594,0.7532239155920282,0.46442533229085226
1F,1F-Z23,10,1233,593,0.7227432590855803,0.46364347146207974
1F,1F-Z23,11,1222,594,0.716295427901524,0.46442533229085226
1F,1F-Z24,0,1318,638,0.772567409144197,0.4988272087568413
1F,1F-Z24,1,1314,644,0.7702227432590856,0.5035183737294762
1F,1F-Z24,2,1317,675,0.7719812426729191,0.527756059421423
1F,1F-Z24,3,1344,676,0.7878077373974208,0.5285379202501954
1F,1F-Z24,4,1348,671,0.7901524032825322,0.524628616106333
1F,1F-Z24,5,1348,660,0.7901524032825322,0.5160281469898358
1F,1F-Z24,6,1343,637,0.787221570926143,0.4980453479280688
1F,1F-Z25,0,936,625,0.5486518171160609,0.48866301798279904
1F,1F-Z25,1,831,543,0.48710433763188743,0.4245504300234558
1F,1F-Z25,2,811,543,0.4753810082063306,0.4245504300234558
1F,1F-Z25,3,805,552,0.4718640093786635,0.43158717748240816
1F,1F-Z25,4,806,602,0.47245017584994137,0.47068021892103207
1F,1F-Z25,5,762,608,0.4466588511137163,0.47537138389366695
1F,1F-Z25,6,762,645,0.4466588511137163,0.5043002345582487
1F,1F-Z25,7,776,653,0.4548651817116061,0.5105551211884285
1F,1F-Z25,8,776,673,0.4548651817116061,0.5261923377638781
1F,1F-Z25,9,698,680,0.4091441969519343,0.5316653635652854
1F,1F-Z25,10,701,732,0.41090269636576787,0.5723221266614542
1F,1F-Z25,11,717,739,0.42028135990621335,0.5777951524628616
1F,1F-Z25,12,857,735,0.5023446658851114,0.5746677091477717
1F,1F-Z25,13,934,639,0.5474794841735052,0.49960906958561374
1F,1F-Z26,0,1118,645,0.6553341148886284,0.5043002345582487
1F,1F-Z26,1,1071,690,0.6277842907385698,0.5394839718530101
1F,1F-Z26,2,1069,700,0.6266119577960141,0.547302580140735
1F,1F-Z26,3,1128,748,0.6611957796014069,0.584831899921814
1F,1F-Z26,4,1153,755,0.6758499413833529,0.5903049257232212
1F,1F-Z26,5,1157,750,0.6781946072684643,0.5863956215793589
1F,1F-Z26,6,1153,699,0.6758499413833529,0.5465207193119624
1F,1F-Z26,7,1156,694,0.6776084407971864,0.5426114151681001
1F,1F-Z26,8,1169,693,0.6852286049237983,0.5418295543393276
1F,1F-Z26,9,1174,683,0.6881594372801876,0.5340109460516028
1F,1F-Z26,10,1170,650,0.6858147713950762,0.508209538702111
1F,1F-Z26,11,1166,645,0.6834701055099648,0.5043002345582487
1F,1F-Z27,0,1230,683,0.7209847596717468,0.5340109460516028
1F,1F-Z27,1,1226,690,0.7186400937866354,0.5394839718530101
1F,1F-Z27,2,1226,712,0.7186400937866354,0.5566849100860047
1F,1F-Z27,3,1229,722,0.720398593200469,0.5645035183737295
1F,1F-Z27,4,1235,721,0.723915592028136,0.563721657544957
1F,1F-Z27,5,1238,698,0.7256740914419695,0.54573885848319
1F,1F-Z27,6,1274,697,0.7467760844079718,0.5449569976544175
1F,1F-Z27,7,1276,705,0.7479484173505275,0.5512118842845973
1F,1F-Z27,8,1273,736,0.746189917936694,0.5754495699765442
1F,1F-Z27,9,1277,740,0.7485345838218054,0.5785770132916341
1F,1F-Z27,10,1287,736,0.7543962485345839,0.5754495699765442
1F,1F-Z27,11,1299,712,0.761430246189918,0.5566849100860047
1F,1F-Z27,12,1298,691,0.7608440797186401,0.5402658326817826
1F,1F-Z27,13,1294,681,0.7584994138335287,0.5324472243940579
1F,1F-Z28,0,609,683,0.3569753810082063,0.5340109460516028
1F,1F-Z28,1,554,683,0.324736225087925,0.5340109460516028
1F,1F-Z28,2,552,701,0.3235638921453693,0.5480844409695075
1F,1F-Z28,3,534,706,0.3130128956623681,0.5519937451133698
1F,1F-Z28,4,534,741,0.3130128956623681,0.5793588741204065
1F,1F-Z28,5,540,744,0.31652989449003516,0.581704456606724
1F,1F-Z28,6,592,743,0.347010550996483,0.5809225957779516
1F,1F-Z28,7,605,738,0.35463071512309496,0.5770132916340891
1F,1F-Z28,8,609,734,0.3569753810082063,0.5738858483189992
1F,1F-Z28,9,612,718,0.35873388042203985,0.5613760750586395
1F,1F-Z29,0,1389,753,0.8141852286049238,0.5887412040656763
1F,1F-Z29,1,1382,763,0.8100820633059789,0.596559812353401
1F,1F-Z29,2,1389,844,0.8141852286049238,0.6598905394839718
1F,1F-Z29,3,1396,869,0.8182883939038686,0.6794370602032838
1F,1F-Z29,4,1413,865,0.828253223915592,0.6763096168881939
1F,1F-Z29,5,1489,864,0.8728018757327081,0.6755277560594214
1F,1F-Z29,6,1490,830,0.8733880422039859,0.6489444878811571
1F,1F-Z29,7,1498,824,0.8780773739742087,0.6442533229085223
1F,1F-Z29,8,1500,811,0.8792497069167644,0.63408913213448
1F,1F-Z29,9,1518,807,0.8898007033997656,0.6309616888193902
1F,1F-Z29,10,1525,799,0.8939038686987104,0.6247068021892104
1F,1F-Z29,11,1521,770,0.891559202813599,0.6020328381548085
1F,1F-Z29,12,1461,767,0.8563892145369285,0.599687255668491
1F,1F-Z29,13,1452,753,0.8511137162954279,0.5887412040656763
1F,1F-Z30,0,1520,867,0.8909730363423212,0.6778733385457388
1F,1F-Z30,1,1495,865,0.8763188745603752,0.6763096168881939
1F,1F-Z30,2,1409,868,0.8259085580304807,0.6786551993745114
1F,1F-Z30,3,1403,871,0.8223915592028136,0.6810007818608288
1F,1F-Z30,4,1399,878,0.8200468933177022,0.6864738076622361
1F,1F-Z30,5,1424,930,0.8347010550996483,0.727130570758405
1F,1F-Z30,6,1436,941,0.8417350527549824,0.7357310398749023
1F,1F-Z30,7,1449,944,0.8493552168815943,0.7380766223612197
1F,1F-Z30,8,1471,933,0.8622508792497069,0.7294761532447225
1F,1F-Z30,9,1519,898,0.8903868698710434,0.7021110242376857
1F,1F-Z30,10,1524,892,0.8933177022274326,0.6974198592650508
1F,1F-Z31,0,1323,920,0.7754982415005862,0.7193119624706802
1F,1F-Z31,1,1253,919,0.7344665885111371,0.7185301016419078
1F,1F-Z31,2,1243,926,0.7286049237983587,0.7240031274433151
1F,1F-Z31,3,1251,1027,0.7332942555685815,0.8029710711493354
1F,1F-Z31,4,1234,1057,0.7233294255568582,0.8264268960125097
1F,1F-Z31,5,1232,1066,0.7221570926143025,0.8334636434714621
1F,1F-Z31,6,1236,1070,0.7245017584994138,0.836591086786552
1F,1F-Z31,7,1254,1072,0.735052754982415,0.838154808444097
1F,1F-Z31,8,1280,1057,0.7502930832356389,0.8264268960125097
1F,1F-Z31,9,1357,997,0.7954279015240329,0.7795152462861611
1F,1F-Z31,10,1349,970,0.7907385697538101,0.7584050039093041
2F,2F-Z01,0,1298,261,0.7608440797186401,0.2040656763096169
2F,2F-Z01,1,1276,246,0.7479484173505275,0.1923377638780297
2F,2F-Z01,2,1219,246,0.7145369284876905,0.1923377638780297
2F,2F-Z01,3,1213,258,0.7110199296600235,0.20172009382329945
2F,2F-Z01,4,1215,289,0.7121922626025792,0.2259577795152463
2F,2F-Z01,5,1191,292,0.6981242672919109,0.22830336200156373
2F,2F-Z01,6,1182,304,0.6928487690504103,0.23768569194683348
2F,2F-Z01,7,1153,304,0.6758499413833529,0.23768569194683348
2F,2F-Z01,8,1148,329,0.6729191090269636,0.25723221266614543
2F,2F-Z01,9,1139,304,0.6676436107854631,0.23768569194683348
2F,2F-Z01,10,1081,305,0.6336459554513482,0.23846755277560594
2F,2F-Z01,11,1083,355,0.6348182883939039,0.27756059421422985
2F,2F-Z01,12,1137,359,0.6664712778429074,0.28068803752931976
2F,2F-Z01,13,1148,345,0.6729191090269636,0.26974198592650506
2F,2F-Z01,14,1153,358,0.6758499413833529,0.2799061767005473
2F,2F-Z01,15,1167,359,0.6840562719812426,0.28068803752931976
2F,2F-Z01,16,1229,344,0.720398593200469,0.2689601250977326
2F,2F-Z01,17,1266,322,0.7420867526377491,0.2517591868647381
2F,2F-Z01,18,1292,297,0.757327080890973,0.23221266614542613
2F,2F-Z01,19,1300,280,0.7620164126611958,0.21892103205629398
2F,2F-Z02,0,966,266,0.5662368112543963,0.20797498045347929
2F,2F-Z02,1,963,272,0.5644783118405627,0.21266614542611414
2F,2F-Z02,2,965,350,0.5656506447831184,0.2736512900703675
2F,2F-Z02,3,968,357,0.567409144196952,0.27912431587177483
2F,2F-Z02,4,1052,357,0.6166471277842908,0.27912431587177483
2F,2F-Z02,5,1038,343,0.608440797186401,0.26817826426896013
2F,2F-Z02,6,1026,342,0.6014067995310668,0.26739640344018767
2F,2F-Z02,7,1021,337,0.5984759671746777,0.26348709929632524
2F,2F-Z02,8,1021,326,0.5984759671746777,0.254886630179828
2F,2F-Z02,9,1030,320,0.6037514654161782,0.2501954652071931
2F,2F-Z02,10,1031,292,0.604337631887456,0.22830336200156373
2F,2F-Z02,11,1043,290,0.6113716295427901,0.22673964034401878
2F,2F-Z02,12,1043,284,0.6113716295427901,0.2220484753713839
2F,2F-Z02,13,1040,281,0.6096131301289566,0.21970289288506645
2F,2F-Z02,14,1027,281,0.6019929660023446,0.21970289288506645
2F,2F-Z02,15,1021,264,0.5984759671746777,0.20641125879593433
2F,2F-Z02,16,1001,264,0.5867526377491208,0.20641125879593433
2F,2F-Z02,17,996,269,0.5838218053927315,0.21032056293979673
2F,2F-Z02,18,992,265,0.5814771395076201,0.2071931196247068
2F,2F-Z03,0,887,268,0.5199296600234466,0.20953870211102424
2F,2F-Z03,1,861,267,0.5046893317702228,0.20875684128225175
2F,2F-Z03,2,858,294,0.5029308323563892,0.22986708365910868
2F,2F-Z03,3,830,298,0.48651817116060964,0.2329945269741986
2F,2F-Z03,4,827,315,0.4847596717467761,0.24628616106333073
2F,2F-Z03,5,815,321,0.47772567409144195,0.2509773260359656
2F,2F-Z03,6,815,345,0.47772567409144195,0.26974198592650506
2F,2F-Z03,7,796,349,0.46658851113716293,0.272869429241595
2F,2F-Z03,8,780,360,0.45720984759671746,0.2814698983580923
2F,2F-Z03,9,775,368,0.45427901524032827,0.2877247849882721
2F,2F-Z03,10,890,361,0.5216881594372802,0.28225175918686474
2F,2F-Z03,11,893,357,0.5234466588511137,0.27912431587177483
2F,2F-Z03,12,893,329,0.5234466588511137,0.25723221266614543
2F,2F-Z04,0,711,288,0.4167643610785463,0.2251759186864738
2F,2F-Z04,1,674,289,0.3950762016412661,0.2259577795152463
2F,2F-Z04,2,673,367,0.39449003516998826,0.2869429241594996
2F,2F-Z04,3,678,372,0.3974208675263775,0.290852228303362
2F,2F-Z04,4,727,370,0.4261430246189918,0.28928850664581707
2F,2F-Z04,5,735,368,0.4308323563892145,0.2877247849882721
2F,2F-Z04,6,739,363,0.4331770222743259,0.2838154808444097
2F,2F-Z04,7,740,343,0.43376318874560377,0.26817826426896013
2F,2F-Z04,8,727,341,0.4261430246189918,0.26661454261141515
2F,2F-Z04,9,723,329,0.42379835873388044,0.25723221266614543
2F,2F-Z04,10,716,329,0.4196951934349355,0.25723221266614543
2F,2F-Z04,11,713,326,0.417936694021102,0.254886630179828
2F,2F-Z05,0,900,311,0.5275498241500586,0.24315871774824083
2F,2F-Z05,1,897,333,0.5257913247362251,0.26035965598123534
2F,2F-Z05,2,897,355,0.5257913247362251,0.27756059421422985
2F,2F-Z05,3,900,359,0.5275498241500586,0.28068803752931976
2F,2F-Z05,4,953,359,0.5586166471277842,0.28068803752931976
2F,2F-Z05,5,960,354,0.5627198124267292,0.2767787333854574
2F,2F-Z05,6,961,333,0.563305978898007,0.26035965598123534
2F,2F-Z05,7,956,309,0.5603751465416178,0.24159499609069585
2F,2F-Z05,8,927,308,0.5433763188745604,0.24081313526192338
2F,2F-Z06,0,792,329,0.4642438452520516,0.25723221266614543
2F,2F-Z06,1,758,329,0.44431418522860494,0.25723221266614543
2F,2F-Z06,2,755,335,0.4425556858147714,0.2619233776387803
2F,2F-Z06,3,757,355,0.4437280187573271,0.27756059421422985
2F,2F-Z06,4,776,341,0.4548651817116061,0.26661454261141515
2F,2F-Z06,5,788,337,0.4618991793669402,0.26348709929632524
2F,2F-Z07,0,171,331,0.10023446658851114,0.25879593432369036
2F,2F-Z07,1,145,332,0.08499413833528723,0.2595777951524629
2F,2F-Z07,2,124,346,0.07268464243845252,0.2705238467552776
2F,2F-Z07,3,123,366,0.07209847596717468,0.2861610633307271
2F,2F-Z07,4,98,387,0.05744431418522861,0.30258014073494915
2F,2F-Z07,5,89,402,0.05216881594372802,0.31430805316653637
2F,2F-Z07,6,83,401,0.04865181711606096,0.31352619233776385
2F,2F-Z07,7,69,412,0.04044548651817116,0.32212666145426117
2F,2F-Z07,8,69,420,0.04044548651817116,0.328381548084441
2F,2F-Z07,9,98,463,0.05744431418522861,0.36200156372165754
2F,2F-Z07,10,103,464,0.06037514654161782,0.36278342455043
2F,2F-Z07,11,114,456,0.0668229777256741,0.3565285379202502
2F,2F-Z07,12,160,455,0.09378663540445487,0.3557466770914777
2F,2F-Z07,13,164,450,0.09613130128956623,0.3518373729476153
2F,2F-Z07,14,169,415,0.09906213364595545,0.32447224394057855
2F,2F-Z07,15,166,405,0.09730363423212192,0.3166536356528538
2F,2F-Z07,16,170,400,0.09964830011723329,0.3127443315089914
2F,2F-Z07,17,175,337,0.1025791324736225,0.26348709929632524
2F,2F-Z08,0,490,375,0.28722157092614303,0.29319781078967944
2F,2F-Z08,1,188,377,0.11019929660023446,0.2947615324472244
2F,2F-Z08,2,171,546,0.10023446658851114,0.42689601250977327
2F,2F-Z08,3,270,542,0.15826494724501758,0.42376856919468336
2F,2F-Z08,4,306,550,0.17936694021101993,0.4300234558248632
2F,2F-Z08,5,338,573,0.1981242672919109,0.4480062548866302
2F,2F-Z08,6,482,571,0.2825322391559203,0.4464425332290852
2F,2F-Z09,0,694,431,0.406799531066823,0.33698201720093823
2F,2F-Z09,1,695,474,0.40738569753810083,0.3706020328381548
2F,2F-Z09,2,721,475,0.42262602579132474,0.3713838936669273
2F,2F-Z09,3,724,478,0.4243845252051583,0.3737294761532447
2F,2F-Z09,4,726,528,0.42555685814771393,0.41282251759186867
2F,2F-Z09,5,779,528,0.4566236811254396,0.41282251759186867
2F,2F-Z09,6,784,521,0.45955451348182885,0.4073494917904613
2F,2F-Z09,7,782,438,0.45838218053927315,0.3424550430023456
2F,2F-Z09,8,778,431,0.45603751465416176,0.33698201720093823
2F,2F-Z10,0,1382,321,0.8100820633059789,0.2509773260359656
2F,2F-Z10,1,1325,353,0.7766705744431418,0.2759968725566849
2F,2F-Z10,2,1294,424,0.7584994138335287,0.3315089913995309
2F,2F-Z10,3,1325,727,0.7766705744431418,0.5684128225175918
2F,2F-Z10,4,1341,738,0.7860492379835874,0.5770132916340891
2F,2F-Z10,5,1360,732,0.7971864009378663,0.5723221266614542
2F,2F-Z10,6,1361,686,0.7977725674091442,0.5363565285379203
2F,2F-Z10,7,1423,685,0.8341148886283705,0.5355746677091477
2F,2F-Z10,8,1432,675,0.839390386869871,0.527756059421423
2F,2F-Z10,9,1420,592,0.8323563892145369,0.4628616106333073
2F,2F-Z10,10,1371,590,0.8036342321219226,0.4612978889757623
2F,2F-Z10,11,1360,526,0.7971864009378663,0.4112587959343237
2F,2F-Z10,12,1335,522,0.7825322391559203,0.4081313526192338
2F,2F-Z10,13,1336,449,0.7831184056271981,0.35105551211884284
2F,2F-Z10,14,1393,444,0.8165298944900352,0.34714620797498047
2F,2F-Z10,15,1398,413,0.8194607268464243,0.3229085222830336
2F,2F-Z10,16,1415,399,0.8294255568581477,0.31196247068021893
2F,2F-Z10,17,1407,341,0.824736225087925,0.26661454261141515
2F,2F-Z11,0,833,500,0.48827667057444313,0.39093041438623927
2F,2F-Z11,1,830,510,0.48651817116060964,0.39874902267396406
2F,2F-Z11,2,839,543,0.4917936694021102,0.4245504300234558
2F,2F-Z11,3,887,587,0.5199296600234466,0.4589523064894449
2F,2F-Z11,4,901,581,0.5281359906213364,0.45426114151681
2F,2F-Z11,5,923,558,0.541031652989449,0.436278342455043
2F,2F-Z11,6,925,531,0.5422039859320047,0.4151681000781861
2F,2F-Z11,7,921,518,0.5398593200468933,0.40500390930414387
2F,2F-Z11,8,872,517,0.511137162954279,0.4042220484753714
2F,2F-Z11,9,864,499,0.5064478311840562,0.39014855355746675
2F,2F-Z12,0,834,433,0.488862837045721,0.3385457388584832
2F,2F-Z12,1,837,485,0.4906213364595545,0.37920250195465205
2F,2F-Z12,2,990,484,0.5803048065650644,0.3784206411258796
2F,2F-Z12,3,988,512,0.5791324736225087,0.400312744331509
2F,2F-Z12,4,944,515,0.5533411488862837,0.40265832681782643
2F,2F-Z12,5,942,553,0.552168815943728,0.4323690383111806
2F,2F-Z12,6,907,597,0.5316529894490035,0.46677091477716964
2F,2F-Z12,7,1077,735,0.6313012895662368,0.5746677091477717
2F,2F-Z12,8,1117,744,0.6547479484173505,0.581704456606724
2F,2F-Z12,9,1100,471,0.6447831184056272,0.36825645035183735
2F,2F-Z12,10,1104,515,0.6471277842907386,0.40265832681782643
2F,2F-Z12,11,1150,520,0.6740914419695193,0.4065676309616888
2F,2F-Z12,12,1163,643,0.6817116060961314,0.5027365129007036
2F,2F-Z12,13,1190,647,0.6975381008206331,0.5058639562157936
2F,2F-Z12,14,1192,684,0.6987104337631888,0.5347928068803753
2F,2F-Z12,15,1212,686,0.7104337631887456,0.5363565285379203
2F,2F-Z12,16,1217,724,0.7133645955451349,0.5660672400312744
2F,2F-Z12,17,1232,726,0.7221570926143025,0.5676309616888194
2F,2F-Z12,18,1212,472,0.7104337631887456,0.36903831118060987
2F,2F-Z12,19,1137,418,0.6664712778429074,0.326817826426896
2F,2F-Z13,0,1251,588,0.7332942555685815,0.45973416731821737
2F,2F-Z13,1,1252,599,0.7338804220398594,0.4683346364347146
2F,2F-Z13,2,1261,601,0.7391559202813599,0.4698983580922596
2F,2F-Z13,3,1286,600,0.753810082063306,0.4691164972634871
2F,2F-Z13,4,1291,590,0.7567409144196952,0.4612978889757623
2F,2F-Z13,5,1287,581,0.7543962485345839,0.45426114151681
2F,2F-Z13,6,1257,581,0.7368112543962485,0.45426114151681
2F,2F-Z14,0,205,546,0.1201641266119578,0.42689601250977327
2F,2F-Z14,1,200,570,0.11723329425556858,0.44566067240031276
2F,2F-Z14,2,181,574,0.10609613130128957,0.44878811571540267
2F,2F-Z14,3,181,580,0.10609613130128957,0.45347928068803756
2F,2F-Z14,4,202,611,0.11840562719812427,0.47771696637998434
2F,2F-Z14,5,260,661,0.15240328253223914,0.5168100078186083
2F,2F-Z14,6,267,660,0.15650644783118406,0.5160281469898358
2F,2F-Z14,7,327,594,0.19167643610785462,0.46442533229085226
2F,2F-Z14,8,321,580,0.18815943728018758,0.45347928068803756
2F,2F-Z14,9,267,545,0.15650644783118406,0.4261141516810008
2F,2F-Z15,0,727,530,0.4261430246189918,0.4143862392494136
2F,2F-Z15,1,727,663,0.4261430246189918,0.5183737294761532
2F,2F-Z15,2,738,669,0.43259085580304807,0.5230648944487881
2F,2F-Z15,3,758,666,0.44431418522860494,0.5207193119624707
2F,2F-Z15,4,767,671,0.44958968347010553,0.524628616106333
2F,2F-Z15,5,773,689,0.45310668229777257,0.5387021110242377
2F,2F-Z15,6,816,688,0.4783118405627198,0.5379202501954652
2F,2F-Z15,7,821,676,0.48124267291910905,0.5285379202501954
2F,2F-Z15,8,803,660,0.4706916764361079,0.5160281469898358
2F,2F-Z15,9,819,647,0.48007033997655335,0.5058639562157936
2F,2F-Z15,10,864,633,0.5064478311840562,0.4949179046129789
2F,2F-Z15,11,874,622,0.5123094958968347,0.48631743549648165
2F,2F-Z15,12,873,602,0.5117233294255569,0.47068021892103207
2F,2F-Z15,13,800,537,0.46893317702227433,0.41985926505082094
2F,2F-Z15,14,777,529,0.45545134818288396,0.41360437842064113
2F,2F-Z16,0,436,588,0.2555685814771395,0.45973416731821737
2F,2F-Z16,1,431,583,0.25263774912075027,0.45582486317435494
2F,2F-Z16,2,333,601,0.1951934349355217,0.4698983580922596
2F,2F-Z16,3,275,663,0.1611957796014068,0.5183737294761532
2F,2F-Z16,4,304,691,0.17819460726846426,0.5402658326817826
2F,2F-Z16,5,311,690,0.18229777256740914,0.5394839718530101
2F,2F-Z16,6,335,668,0.19636576787807739,0.5222830336200156
2F,2F-Z16,7,419,668,0.2456037514654162,0.5222830336200156
2F,2F-Z16,8,434,659,0.2543962485345838,0.5152462861610634
2F,2F-Z17,0,447,581,0.2620164126611958,0.45426114151681
2F,2F-Z17,1,442,594,0.25908558030480655,0.46442533229085226
2F,2F-Z17,2,439,670,0.25732708089097306,0.5238467552775606
2F,2F-Z17,3,420,677,0.246189917936694,0.5293197810789679
2F,2F-Z17,4,421,697,0.24677608440797186,0.5449569976544175
2F,2F-Z17,5,504,698,0.2954279015240328,0.54573885848319
2F,2F-Z17,6,511,724,0.2995310668229777,0.5660672400312744
2F,2F-Z17,7,558,724,0.32708089097303633,0.5660672400312744
2F,2F-Z17,8,571,719,0.3347010550996483,0.562157935887412
2F,2F-Z17,9,579,708,0.33939038686987105,0.5535574667709148
2F,2F-Z17,10,578,661,0.3388042203985932,0.5168100078186083
2F,2F-Z17,11,553,659,0.32415005861664714,0.5152462861610634
2F,2F-Z17,12,545,647,0.3194607268464244,0.5058639562157936
2F,2F-Z17,13,508,645,0.2977725674091442,0.5043002345582487
2F,2F-Z17,14,505,581,0.29601406799531066,0.45426114151681
2F,2F-Z18,0,1328,763,0.7784290738569754,0.596559812353401
2F,2F-Z18,1,1325,770,0.7766705744431418,0.6020328381548085
2F,2F-Z18,2,1326,791,0.7772567409144197,0.6184519155590305
2F,2F-Z18,3,1338,861,0.7842907385697538,0.673182173573104
2F,2F-Z18,4,1352,855,0.7924970691676436,0.6684910086004691
2F,2F-Z18,5,1430,853,0.8382180539273154,0.6669272869429241
2F,2F-Z18,6,1424,800,0.8347010550996483,0.6254886630179828
2F,2F-Z18,7,1417,779,0.8305978898007034,0.6090695856137608
2F,2F-Z18,8,1385,778,0.8118405627198124,0.6082877247849883
2F,2F-Z18,9,1374,759,0.8053927315357562,0.5934323690383112
2F,2F-Z18,10,1336,759,0.7831184056271981,0.5934323690383112
2F,2F-Z19,0,917,773,0.5375146541617819,0.6043784206411259
2F,2F-Z19,1,944,884,0.5533411488862837,0.691164972634871
2F,2F-Z19,2,973,914,0.5703399765533411,0.7146207974980453
2F,2F-Z19,3,1016,932,0.5955451348182884,0.72869429241595
2F,2F-Z19,4,1021,900,0.5984759671746777,0.7036747458952306
2F,2F-Z19,5,1151,898,0.6746776084407972,0.7021110242376857
2F,2F-Z19,6,1162,911,0.6811254396248535,0.7122752150117279
2F,2F-Z19,7,1182,908,0.6928487690504103,0.7099296325254105
2F,2F-Z19,8,1181,885,0.6922626025791325,0.6919468334636435
2F,2F-Z19,9,1079,883,0.6324736225087925,0.6903831118060985
2F,2F-Z19,10,1070,764,0.6271981242672919,0.5973416731821736
2F,2F-Z19,11,1019,719,0.597303634232122,0.562157935887412
2F,2F-Z19,12,999,718,0.5855803048065651,0.5613760750586395
2F,2F-Z20,0,1073,767,0.6289566236811255,0.599687255668491
2F,2F-Z20,1,1083,882,0.6348182883939039,0.689601250977326
2F,2F-Z20,2,1183,881,0.6934349355216881,0.6888193901485535
2F,2F-Z20,3,1187,889,0.6957796014067995,0.6950742767787333
2F,2F-Z20,4,1250,886,0.7327080890973037,0.6927286942924159
2F,2F-Z20,5,1231,782,0.7215709261430246,0.6114151681000782
2F,2F-Z20,6,1114,777,0.652989449003517,0.6075058639562158
2F,2F-Z20,7,1080,765,0.6330597889800703,0.5981235340109461
2F,2F-Z21,0,1342,865,0.7866354044548651,0.6763096168881939
2F,2F-Z21,1,1343,875,0.787221570926143,0.6841282251759186
2F,2F-Z21,2,1355,899,0.7942555685814772,0.7028928850664582
2F,2F-Z21,3,1376,928,0.8065650644783119,0.72556684910086
2F,2F-Z21,4,1386,927,0.8124267291910903,0.7247849882720876
2F,2F-Z21,5,1408,912,0.8253223915592028,0.7130570758405004
2F,2F-Z21,6,1437,898,0.8423212192262602,0.7021110242376857
2F,2F-Z21,7,1459,877,0.8552168815943728,0.6856919468334637
2F,2F-Z21,8,1456,866,0.8534583821805393,0.6770914777169664
2F,2F-Z21,9,1435,866,0.8411488862837045,0.6770914777169664
2F,2F-Z21,10,1428,858,0.8370457209847597,0.6708365910867865
2F,2F-Z21,11,1351,858,0.7919109026963658,0.6708365910867865
2F,2F-Z22,0,1252,892,0.7338804220398594,0.6974198592650508
2F,2F-Z22,1,1191,891,0.6981242672919109,0.6966379984362784
2F,2F-Z22,2,1187,894,0.6957796014067995,0.6989835809225958
2F,2F-Z22,3,1186,921,0.6951934349355217,0.7200938232994527
2F,2F-Z22,4,1146,923,0.671746776084408,0.7216575449569976
2F,2F-Z22,5,1141,930,0.6688159437280188,0.727130570758405
2F,2F-Z22,6,1143,975,0.6699882766705745,0.7623143080531666
2F,2F-Z22,7,1124,998,0.6588511137162955,0.7802971071149335
2F,2F-Z22,8,1125,1013,0.6594372801875733,0.7920250195465207
2F,2F-Z22,9,1188,1052,0.6963657678780774,0.8225175918686474
2F,2F-Z22,10,1234,1030,0.7233294255568582,0.8053166536356529
2F,2F-Z22,11,1247,1015,0.7309495896834701,0.7935887412040656
2F,2F-Z22,12,1278,998,0.7491207502930832,0.7802971071149335
2F,2F-Z22,13,1291,984,0.7567409144196952,0.7693510555121188
2F,2F-Z22,14,1294,967,0.7584994138335287,0.7560594214229867
3F,3F-Z01,0,1248,249,0.731535756154748,0.19468334636434714
3F,3F-Z01,1,1233,249,0.7227432590855803,0.19468334636434714
3F,3F-Z01,2,1226,254,0.7186400937866354,0.19859265050820954
3F,3F-Z01,3,1225,298,0.7180539273153576,0.2329945269741986
3F,3F-Z01,4,1230,298,0.7209847596717468,0.2329945269741986
3F,3F-Z01,5,1232,275,0.7221570926143025,0.2150117279124316
3F,3F-Z01,6,1248,270,0.731535756154748,0.2111024237685692
3F,3F-Z02,0,913,276,0.5351699882766706,0.21579358874120408
3F,3F-Z02,1,911,287,0.5339976553341149,0.22439405785770133
3F,3F-Z02,2,926,290,0.5427901524032825,0.22673964034401878
3F,3F-Z02,3,926,318,0.5427901524032825,0.24863174354964818
3F,3F-Z02,4,946,318,0.5545134818288394,0.24863174354964818
3F,3F-Z02,5,942,309,0.552168815943728,0.24159499609069585
3F,3F-Z02,6,948,304,0.5556858147713951,0.23768569194683348
3F,3F-Z02,7,961,305,0.563305978898007,0.23846755277560594
3F,3F-Z02,8,963,311,0.5644783118405627,0.24315871774824083
3F,3F-Z02,9,971,309,0.5691676436107854,0.24159499609069585
3F,3F-Z02,10,974,301,0.570926143024619,0.23534010946051603
3F,3F-Z02,11,975,272,0.5715123094958968,0.21266614542611414
3F,3F-Z02,12,930,271,0.5451348182883939,0.21188428459734168
3F,3F-Z02,13,924,277,0.5416178194607268,0.21657544956997654
3F,3F-Z02,14,921,274,0.5398593200468933,0.2142298670836591
3F,3F-Z03,0,688,264,0.40328253223915594,0.20641125879593433
3F,3F-Z03,1,684,281,0.40093786635404455,0.21970289288506645
3F,3F-Z03,2,684,367,0.40093786635404455,0.2869429241594996
3F,3F-Z03,3,689,370,0.40386869871043374,0.28928850664581707
3F,3F-Z03,4,753,368,0.4413833528722157,0.2877247849882721
3F,3F-Z03,5,758,349,0.44431418522860494,0.272869429241595
3F,3F-Z03,6,746,344,0.4372801875732708,0.2689601250977326
3F,3F-Z03,7,741,332,0.4343493552168816,0.2595777951524629
3F,3F-Z03,8,732,330,0.42907385697538103,0.2580140734949179
3F,3F-Z03,9,731,294,0.4284876905041032,0.22986708365910868
3F,3F-Z03,10,757,287,0.4437280187573271,0.22439405785770133
3F,3F-Z03,11,756,259,0.44314185228604924,0.20250195465207194
3F,3F-Z03,12,712,258,0.41735052754982416,0.20172009382329945
3F,3F-Z04,0,1055,271,0.6184056271981243,0.21188428459734168
3F,3F-Z04,1,976,270,0.5720984759671747,0.2111024237685692
3F,3F-Z04,2,972,309,0.5697538100820633,0.24159499609069585
3F,3F-Z04,3,948,306,0.5556858147713951,0.23924941360437843
3F,3F-Z04,4,948,318,0.5556858147713951,0.24863174354964818
3F,3F-Z04,5,941,320,0.5515826494724502,0.2501954652071931
3F,3F-Z04,6,925,318,0.5422039859320047,0.24863174354964818
3F,3F-Z04,7,925,290,0.5422039859320047,0.22673964034401878
3F,3F-Z04,8,908,285,0.5322391559202814,0.22283033620015638
3F,3F-Z04,9,914,271,0.5357561547479485,0.21188428459734168
3F,3F-Z04,10,881,271,0.5164126611957796,0.21188428459734168
3F,3F-Z04,11,880,364,0.5158264947245017,0.2845973416731822
3F,3F-Z04,12,1064,358,0.6236811254396248,0.2799061767005473
3F,3F-Z04,13,1035,342,0.6066822977725674,0.26739640344018767
3F,3F-Z04,14,1046,299,0.6131301289566237,0.23377638780297108
3F,3F-Z04,15,1057,294,0.61957796014068,0.22986708365910868
3F,3F-Z05,0,1095,340,0.6418522860492379,0.2658326817826427
3F,3F-Z05,1,1101,358,0.645369284876905,0.2799061767005473
3F,3F-Z05,2,1156,357,0.6776084407971864,0.27912431587177483
3F,3F-Z05,3,1160,328,0.6799531066822978,0.25645035183737297
3F,3F-Z05,4,1169,358,0.6852286049237983,0.2799061767005473
3F,3F-Z05,5,1208,358,0.7080890973036342,0.2799061767005473
3F,3F-Z05,6,1233,348,0.7227432590855803,0.2720875684128225
3F,3F-Z05,7,1223,345,0.7168815943728019,0.26974198592650506
3F,3F-Z05,8,1194,355,0.6998827667057445,0.27756059421422985
3F,3F-Z05,9,1174,350,0.6881594372801876,0.2736512900703675
3F,3F-Z05,10,1168,316,0.6846424384525205,0.2470680218921032
3F,3F-Z05,11,1200,314,0.7033997655334114,0.24550430023455824
3F,3F-Z05,12,1204,299,0.7057444314185228,0.23377638780297108
3F,3F-Z05,13,1198,306,0.7022274325908558,0.23924941360437843
3F,3F-Z05,14,1166,307,0.6834701055099648,0.2400312744331509
3F,3F-Z05,15,1158,324,0.6787807737397421,0.253322908522283
3F,3F-Z05,16,1153,291,0.6758499413833529,0.22752150117279124
3F,3F-Z05,17,1096,291,0.6424384525205158,0.22752150117279124
3F,3F-Z06,0,803,334,0.4706916764361079,0.2611415168100078
3F,3F-Z06,1,778,335,0.45603751465416176,0.2619233776387803
3F,3F-Z06,2,778,351,0.45603751465416176,0.27443315089913994
3F,3F-Z06,3,784,354,0.45955451348182885,0.2767787333854574
3F,3F-Z06,4,790,344,0.4630715123094959,0.2689601250977326
3F,3F-Z06,5,796,344,0.46658851113716293,0.2689601250977326
3F,3F-Z06,6,803,339,0.4706916764361079,0.2650508209538702
3F,3F-Z07,0,873,314,0.5117233294255569,0.24550430023455824
3F,3F-Z07,1,816,314,0.4783118405627198,0.24550430023455824
3F,3F-Z07,2,813,327,0.4765533411488863,0.25566849100860045
3F,3F-Z07,3,824,331,0.48300117233294254,0.25879593432369036
3F,3F-Z07,4,830,328,0.48651817116060964,0.25645035183737297
3F,3F-Z07,5,832,344,0.4876905041031653,0.2689601250977326
3F,3F-Z07,6,827,349,0.4847596717467761,0.272869429241595
3F,3F-Z07,7,809,355,0.4742086752637749,0.27756059421422985
3F,3F-Z07,8,795,366,0.46600234466588514,0.2861610633307271
3F,3F-Z07,9,813,369,0.4765533411488863,0.28850664581704455
3F,3F-Z07,10,874,365,0.5123094958968347,0.28537920250195464
3F,3F-Z08,0,1250,251,0.7327080890973037,0.1962470680218921
3F,3F-Z08,1,1229,301,0.720398593200469,0.23534010946051603
3F,3F-Z08,2,1206,299,0.7069167643610785,0.23377638780297108
3F,3F-Z08,3,1199,316,0.7028135990621337,0.2470680218921032
3F,3F-Z08,4,1170,316,0.6858147713950762,0.2470680218921032
3F,3F-Z08,5,1174,348,0.6881594372801876,0.2720875684128225
3F,3F-Z08,6,1295,345,0.7590855803048066,0.26974198592650506
3F,3F-Z08,7,1308,335,0.7667057444314185,0.2619233776387803
3F,3F-Z08,8,1330,364,0.779601406799531,0.2845973416731822
3F,3F-Z08,9,1358,367,0.7960140679953107,0.2869429241594996
3F,3F-Z08,10,1347,379,0.7895662368112544,0.29632525410476934
3F,3F-Z08,11,1351,399,0.7919109026963658,0.31196247068021893
3F,3F-Z08,12,1321,392,0.7743259085580305,0.3064894448788116
3F,3F-Z08,13,1308,426,0.7667057444314185,0.33307271305707586
3F,3F-Z08,14,1315,509,0.7708089097303634,0.39796716184519154
3F,3F-Z08,15,1349,513,0.7907385697538101,0.40109460516028145
3F,3F-Z08,16,1345,448,0.7883939038686987,0.3502736512900704
3F,3F-Z08,17,1404,448,0.8229777256740914,0.3502736512900704
3F,3F-Z08,18,1418,438,0.8311840562719812,0.3424550430023456
3F,3F-Z08,19,1412,394,0.8276670574443142,0.3080531665363565
3F,3F-Z08,20,1425,384,0.8352872215709262,0.30023455824863177
3F,3F-Z08,21,1421,349,0.8329425556858148,0.272869429241595
3F,3F-Z08,22,1320,277,0.7737397420867527,0.21657544956997654
3F,3F-Z08,23,1296,273,0.7596717467760844,0.21344800625488664
3F,3F-Z08,24,1286,254,0.753810082063306,0.19859265050820954
3F,3F-Z09,0,1288,344,0.7549824150058617,0.2689601250977326
3F,3F-Z09,1,1309,365,0.7672919109026963,0.28537920250195464
3F,3F-Z09,2,1315,379,0.7708089097303634,0.29632525410476934
3F,3F-Z09,3,1314,396,0.7702227432590856,0.3096168881939015
3F,3F-Z09,4,1318,396,0.772567409144197,0.3096168881939015
3F,3F-Z09,5,1322,389,0.7749120750293084,0.30414386239249414
3F,3F-Z09,6,1323,398,0.7754982415005862,0.31118060985144647
3F,3F-Z09,7,1334,395,0.7819460726846424,0.308835027365129
3F,3F-Z09,8,1349,399,0.7907385697538101,0.31196247068021893
3F,3F-Z09,9,1351,391,0.7919109026963658,0.3057075840500391
3F,3F-Z09,10,1349,384,0.7907385697538101,0.30023455824863177
3F,3F-Z09,11,1344,382,0.7878077373974208,0.2986708365910868
3F,3F-Z09,12,1345,377,0.7883939038686987,0.2947615324472244
3F,3F-Z09,13,1350,374,0.7913247362250879,0.292415949960907
3F,3F-Z09,14,1356,375,0.794841735052755,0.29319781078967944
3F,3F-Z09,15,1357,368,0.7954279015240329,0.2877247849882721
3F,3F-Z09,16,1351,366,0.7919109026963658,0.2861610633307271
3F,3F-Z09,17,1349,374,0.7907385697538101,0.292415949960907
3F,3F-Z09,18,1342,363,0.7866354044548651,0.2838154808444097
3F,3F-Z09,19,1330,366,0.779601406799531,0.2861610633307271
3F,3F-Z09,20,1326,352,0.7772567409144197,0.2752150117279124
3F,3F-Z09,21,1311,349,0.768464243845252,0.272869429241595
3F,3F-Z09,22,1311,337,0.768464243845252,0.26348709929632524
3F,3F-Z09,23,1300,337,0.7620164126611958,0.26348709929632524
3F,3F-Z09,24,1295,346,0.7590855803048066,0.2705238467552776
3F,3F-Z10,0,713,433,0.417936694021102,0.3385457388584832
3F,3F-Z10,1,711,444,0.4167643610785463,0.34714620797498047
3F,3F-Z10,2,714,472,0.41852286049237986,0.36903831118060987
3F,3F-Z10,3,735,473,0.4308323563892145,0.36982017200938233
3F,3F-Z10,4,741,478,0.4343493552168816,0.3737294761532447
3F,3F-Z10,5,742,523,0.4349355216881594,0.40891321344800624
3F,3F-Z10,6,758,526,0.44431418522860494,0.4112587959343237
3F,3F-Z10,7,798,524,0.46776084407971863,0.40969507427677876
3F,3F-Z10,8,799,519,0.4683470105509965,0.40578577013291633
3F,3F-Z10,9,794,515,0.4654161781946073,0.40265832681782643
3F,3F-Z10,10,797,462,0.4671746776084408,0.3612197028928851
3F,3F-Z10,11,795,435,0.46600234466588514,0.34010946051602814
3F,3F-Z10,12,781,431,0.4577960140679953,0.33698201720093823
3F,3F-Z11,0,1305,431,0.764947245017585,0.33698201720093823
3F,3F-Z11,1,1311,511,0.768464243845252,0.3995308835027365
3F,3F-Z11,2,1315,517,0.7708089097303634,0.4042220484753714
3F,3F-Z11,3,1322,520,0.7749120750293084,0.4065676309616888
3F,3F-Z11,4,1313,505,0.7696365767878077,0.39483971853010164
3F,3F-Z11,5,1311,451,0.768464243845252,0.3526192337763878
3F,3F-Z11,6,1308,433,0.7667057444314185,0.3385457388584832
3F,3F-Z12,0,590,712,0.34583821805392734,0.5566849100860047
3F,3F-Z12,1,595,516,0.34876905041031653,0.4034401876465989
3F,3F-Z12,2,508,505,0.2977725674091442,0.39483971853010164
3F,3F-Z12,3,516,387,0.30246189917936694,0.30258014073494915
3F,3F-Z12,4,555,380,0.32532239155920284,0.2971071149335418
3F,3F-Z12,5,552,300,0.3235638921453693,0.23455824863174354
3F,3F-Z12,6,588,299,0.34466588511137164,0.23377638780297108
3F,3F-Z12,7,603,316,0.35345838218053927,0.2470680218921032
3F,3F-Z12,8,602,262,0.3528722157092614,0.20484753713838938
3F,3F-Z12,9,177,329,0.10375146541617819,0.25723221266614543
3F,3F-Z12,10,87,406,0.050996483001172335,0.3174354964816263
3F,3F-Z12,11,221,600,0.12954279015240328,0.4691164972634871
3F,3F-Z12,12,369,716,0.21629542790152403,0.5598123534010946
3F,3F-Z13,0,851,431,0.4988276670574443,0.33698201720093823
3F,3F-Z13,1,851,481,0.4988276670574443,0.37607505863956214
3F,3F-Z13,2,1038,482,0.608440797186401,0.37685691946833466
3F,3F-Z13,3,1033,509,0.6055099648300117,0.39796716184519154
3F,3F-Z13,4,961,511,0.563305978898007,0.3995308835027365
3F,3F-Z13,5,960,551,0.5627198124267292,0.43080531665363564
3F,3F-Z13,6,923,591,0.541031652989449,0.4620797498045348
3F,3F-Z13,7,1040,693,0.6096131301289566,0.5418295543393276
3F,3F-Z13,8,1054,688,0.6178194607268465,0.5379202501954652
3F,3F-Z13,9,1075,723,0.6301289566236812,0.565285379202502
3F,3F-Z13,10,1079,678,0.6324736225087925,0.5301016419077405
3F,3F-Z13,11,1128,668,0.6611957796014069,0.5222830336200156
3F,3F-Z13,12,1106,479,0.6483001172332943,0.3745113369820172
3F,3F-Z13,13,1134,557,0.6647127784290738,0.4354964816262705
3F,3F-Z13,14,1169,562,0.6852286049237983,0.4394057857701329
3F,3F-Z13,15,1175,631,0.6887456037514654,0.49335418295543393
3F,3F-Z13,16,1231,640,0.7215709261430246,0.5003909304143862
3F,3F-Z13,17,1222,483,0.716295427901524,0.3776387802971071
3F,3F-Z13,18,1171,432,0.686400937866354,0.3377638780297107
3F,3F-Z14,0,850,504,0.49824150058616645,0.3940578577013292
3F,3F-Z14,1,851,530,0.4988276670574443,0.4143862392494136
3F,3F-Z14,2,856,541,0.5017584994138335,0.42298670836591085
3F,3F-Z14,3,901,579,0.5281359906213364,0.45269741985926504
3F,3F-Z14,4,911,579,0.5339976553341149,0.45269741985926504
3F,3F-Z14,5,938,556,0.5498241500586166,0.43471462079749806
3F,3F-Z14,6,940,536,0.5509964830011723,0.4190774042220485
3F,3F-Z14,7,939,521,0.5504103165298945,0.4073494917904613
3F,3F-Z14,8,936,517,0.5486518171160609,0.4042220484753714
3F,3F-Z14,9,888,518,0.5205158264947245,0.40500390930414387
3F,3F-Z14,10,883,514,0.5175849941383353,0.40187646598905397
3F,3F-Z14,11,879,502,0.515240328253224,0.3924941360437842
3F,3F-Z14,12,859,501,0.5035169988276671,0.39171227521501173
3F,3F-Z15,0,1321,529,0.7743259085580305,0.41360437842064113
3F,3F-Z15,1,1320,539,0.7737397420867527,0.4214229867083659
3F,3F-Z15,2,1316,543,0.7713950762016413,0.4245504300234558
3F,3F-Z15,3,1316,556,0.7713950762016413,0.43471462079749806
3F,3F-Z15,4,1322,589,0.7749120750293084,0.46051602814698983
3F,3F-Z15,5,1336,585,0.7831184056271981,0.4573885848318999
3F,3F-Z15,6,1332,581,0.7807737397420867,0.45426114151681
3F,3F-Z15,7,1336,576,0.7831184056271981,0.4503518373729476
3F,3F-Z15,8,1373,573,0.8048065650644783,0.4480062548866302
3F,3F-Z15,9,1374,562,0.8053927315357562,0.4394057857701329
3F,3F-Z15,10,1369,559,0.8024618991793669,0.4370602032838155
3F,3F-Z15,11,1367,534,0.8012895662368112,0.4175136825645035
3F,3F-Z15,12,1372,529,0.8042203985932005,0.41360437842064113
3F,3F-Z16,0,1331,542,0.7801875732708089,0.42376856919468336
3F,3F-Z16,1,1326,549,0.7772567409144197,0.4292415949960907
3F,3F-Z16,2,1329,566,0.7790152403282532,0.44253322908522286
3F,3F-Z16,3,1339,567,0.7848769050410317,0.4433150899139953
3F,3F-Z16,4,1343,564,0.787221570926143,0.4409695074276779
3F,3F-Z16,5,1343,546,0.787221570926143,0.42689601250977327
3F,3F-Z17,0,974,521,0.570926143024619,0.4073494917904613
3F,3F-Z17,1,975,528,0.5715123094958968,0.41282251759186867
3F,3F-Z17,2,969,542,0.5679953106682297,0.42376856919468336
3F,3F-Z17,3,971,557,0.5691676436107854,0.4354964816262705
3F,3F-Z17,4,977,564,0.5726846424384525,0.4409695074276779
3F,3F-Z17,5,976,579,0.5720984759671747,0.45269741985926504
3F,3F-Z17,6,979,589,0.5738569753810082,0.46051602814698983
3F,3F-Z17,7,989,596,0.5797186400937866,0.4659890539483972
3F,3F-Z17,8,996,607,0.5838218053927315,0.47458952306489444
3F,3F-Z17,9,996,593,0.5838218053927315,0.46364347146207974
3F,3F-Z17,10,991,590,0.5808909730363423,0.4612978889757623
3F,3F-Z17,11,989,541,0.5797186400937866,0.42298670836591085
3F,3F-Z17,12,983,538,0.5762016412661196,0.42064112587959346
3F,3F-Z17,13,984,535,0.5767878077373975,0.418295543393276
3F,3F-Z17,14,979,531,0.5738569753810082,0.4151681000781861
3F,3F-Z17,15,979,523,0.5738569753810082,0.40891321344800624
3F,3F-Z18,0,1380,583,0.8089097303634232,0.45582486317435494
3F,3F-Z18,1,1360,581,0.7971864009378663,0.45426114151681
3F,3F-Z18,2,1359,574,0.7966002344665886,0.44878811571540267
3F,3F-Z18,3,1344,575,0.7878077373974208,0.44956997654417513
3F,3F-Z18,4,1335,578,0.7825322391559203,0.4519155590304926
3F,3F-Z18,5,1340,585,0.7854630715123095,0.4573885848318999
3F,3F-Z18,6,1326,587,0.7772567409144197,0.4589523064894449
3F,3F-Z18,7,1324,592,0.776084407971864,0.4628616106333073
3F,3F-Z18,8,1379,589,0.8083235638921453,0.46051602814698983
3F,3F-Z19,0,954,565,0.5592028135990621,0.44175136825645034
3F,3F-Z19,1,946,572,0.5545134818288394,0.4472243940578577
3F,3F-Z19,2,948,576,0.5556858147713951,0.4503518373729476
3F,3F-Z19,3,953,577,0.5586166471277842,0.4511336982017201
3F,3F-Z19,4,949,582,0.556271981242673,0.4550430023455825
3F,3F-Z19,5,954,579,0.5592028135990621,0.45269741985926504
3F,3F-Z19,6,953,604,0.5586166471277842,0.472243940578577
3F,3F-Z19,7,947,610,0.5550996483001173,0.4769351055512119
3F,3F-Z19,8,958,617,0.5615474794841735,0.48240813135261923
3F,3F-Z19,9,959,565,0.5621336459554513,0.44175136825645034
3F,3F-Z20,0,745,532,0.43669402110199296,0.41594996090695857
3F,3F-Z20,1,741,560,0.4343493552168816,0.43784206411258797
3F,3F-Z20,2,742,658,0.4349355216881594,0.5144644253322909
3F,3F-Z20,3,782,661,0.45838218053927315,0.5168100078186083
3F,3F-Z20,4,786,687,0.46072684642438455,0.5371383893666928
3F,3F-Z20,5,829,687,0.4859320046893318,0.5371383893666928
3F,3F-Z20,6,838,671,0.4912075029308324,0.524628616106333
3F,3F-Z20,7,829,649,0.4859320046893318,0.5074276778733385
3F,3F-Z20,8,884,622,0.5181711606096131,0.48631743549648165
3F,3F-Z20,9,886,601,0.5193434935521688,0.4698983580922596
3F,3F-Z20,10,807,533,0.4730363423212192,0.41673182173573103
3F,3F-Z21,0,1324,599,0.776084407971864,0.4683346364347146
3F,3F-Z21,1,1332,681,0.7807737397420867,0.5324472243940579
3F,3F-Z21,2,1344,676,0.7878077373974208,0.5285379202501954
3F,3F-Z21,3,1361,676,0.7977725674091442,0.5285379202501954
3F,3F-Z21,4,1369,683,0.8024618991793669,0.5340109460516028
3F,3F-Z21,5,1438,681,0.8429073856975381,0.5324472243940579
3F,3F-Z21,6,1443,676,0.8458382180539273,0.5285379202501954
3F,3F-Z21,7,1444,659,0.8464243845252052,0.5152462861610634
3F,3F-Z21,8,1433,592,0.8399765533411488,0.4628616106333073
3F,3F-Z21,9,1330,593,0.779601406799531,0.46364347146207974
3F,3F-Z22,0,1128,602,0.6611957796014069,0.47068021892103207
3F,3F-Z22,1,1125,602,0.6594372801875733,0.47068021892103207
3F,3F-Z22,2,1129,668,0.6617819460726846,0.5222830336200156
3F,3F-Z22,3,1124,674,0.6588511137162955,0.5269741985926505
3F,3F-Z22,4,1083,675,0.6348182883939039,0.527756059421423
3F,3F-Z22,5,1080,678,0.6330597889800703,0.5301016419077405
3F,3F-Z22,6,1080,697,0.6330597889800703,0.5449569976544175
3F,3F-Z22,7,1083,682,0.6348182883939039,0.5332290852228303
3F,3F-Z22,8,1087,678,0.6371629542790153,0.5301016419077405
3F,3F-Z22,9,1133,678,0.664126611957796,0.5301016419077405
3F,3F-Z23,0,1238,645,0.7256740914419695,0.5043002345582487
3F,3F-Z23,1,1209,645,0.7086752637749121,0.5043002345582487
3F,3F-Z23,2,1204,656,0.7057444314185228,0.5129007036747459
3F,3F-Z23,3,1206,674,0.7069167643610785,0.5269741985926505
3F,3F-Z23,4,1240,674,0.7268464243845252,0.5269741985926505
3F,3F-Z24,0,1211,678,0.7098475967174678,0.5301016419077405
3F,3F-Z24,1,1206,684,0.7069167643610785,0.5347928068803753
3F,3F-Z24,2,1206,689,0.7069167643610785,0.5387021110242377
3F,3F-Z24,3,1224,691,0.7174677608440797,0.5402658326817826
3F,3F-Z24,4,1229,726,0.720398593200469,0.5676309616888194
3F,3F-Z24,5,1232,729,0.7221570926143025,0.5699765441751369
3F,3F-Z24,6,1239,729,0.7262602579132473,0.5699765441751369
3F,3F-Z24,7,1245,718,0.7297772567409144,0.5613760750586395
3F,3F-Z24,8,1242,680,0.7280187573270809,0.5316653635652854
3F,3F-Z25,0,1338,679,0.7842907385697538,0.5308835027365129
3F,3F-Z25,1,1333,684,0.7813599062133646,0.5347928068803753
3F,3F-Z25,2,1337,728,0.783704572098476,0.5691946833463644
3F,3F-Z25,3,1344,734,0.7878077373974208,0.5738858483189992
3F,3F-Z25,4,1367,734,0.8012895662368112,0.5738858483189992
3F,3F-Z25,5,1372,726,0.8042203985932005,0.5676309616888194
3F,3F-Z25,6,1368,683,0.8018757327080891,0.5340109460516028
3F,3F-Z25,7,1361,677,0.7977725674091442,0.5293197810789679
3F,3F-Z26,0,1087,679,0.6371629542790153,0.5308835027365129
3F,3F-Z26,1,1083,686,0.6348182883939039,0.5363565285379203
3F,3F-Z26,2,1084,728,0.6354044548651817,0.5691946833463644
3F,3F-Z26,3,1091,735,0.6395076201641267,0.5746677091477717
3F,3F-Z26,4,1109,744,0.6500586166471278,0.581704456606724
3F,3F-Z26,5,1137,745,0.6664712778429074,0.5824863174354965
3F,3F-Z26,6,1134,680,0.6647127784290738,0.5316653635652854
3F,3F-Z27,0,1186,780,0.6951934349355217,0.6098514464425332
3F,3F-Z27,1,1143,780,0.6699882766705745,0.6098514464425332
3F,3F-Z27,2,1142,797,0.6694021101992966,0.6231430805316653
3F,3F-Z27,3,1145,807,0.6711606096131302,0.6309616888193902
3F,3F-Z27,4,1187,807,0.6957796014067995,0.6309616888193902
3F,3F-Z28,0,1190,784,0.6975381008206331,0.6129788897576232
3F,3F-Z28,1,1187,784,0.6957796014067995,0.6129788897576232
3F,3F-Z28,2,1189,806,0.6969519343493552,0.6301798279906177
3F,3F-Z28,3,1185,809,0.6946072684642438,0.6325254104769351
3F,3F-Z28,4,1147,809,0.6723329425556858,0.6325254104769351
3F,3F-Z28,5,1143,805,0.6699882766705745,0.6293979671618452
3F,3F-Z28,6,1141,786,0.6688159437280188,0.6145426114151681
3F,3F-Z28,7,1138,786,0.6670574443141852,0.6145426114151681
3F,3F-Z28,8,1141,809,0.6688159437280188,0.6325254104769351
3F,3F-Z28,9,1147,813,0.6723329425556858,0.6356528537920251
3F,3F-Z28,10,1188,813,0.6963657678780774,0.6356528537920251
3F,3F-Z28,11,1192,805,0.6987104337631888,0.6293979671618452
3F,3F-Z29,0,1352,758,0.7924970691676436,0.5926505082095387
3F,3F-Z29,1,1338,773,0.7842907385697538,0.6043784206411259
3F,3F-Z29,2,1342,839,0.7866354044548651,0.6559812353401094
3F,3F-Z29,3,1349,862,0.7907385697538101,0.6739640344018765
3F,3F-Z29,4,1372,905,0.8042203985932005,0.7075840500390931
3F,3F-Z29,5,1377,909,0.8071512309495897,0.7107114933541829
3F,3F-Z29,6,1422,909,0.8335287221570926,0.7107114933541829
3F,3F-Z29,7,1440,900,0.8440797186400938,0.7036747458952306
3F,3F-Z29,8,1444,895,0.8464243845252052,0.6997654417513682
3F,3F-Z29,9,1444,877,0.8464243845252052,0.6856919468334637
3F,3F-Z29,10,1434,811,0.8405627198124267,0.63408913213448
3F,3F-Z29,11,1418,804,0.8311840562719812,0.6286161063330727
3F,3F-Z29,12,1411,759,0.8270808909730364,0.5934323690383112
3F,3F-Z30,0,933,773,0.5468933177022274,0.6043784206411259
3F,3F-Z30,1,960,894,0.5627198124267292,0.6989835809225958
3F,3F-Z30,2,986,915,0.5779601406799532,0.7154026583268178
3F,3F-Z30,3,997,899,0.5844079718640094,0.7028928850664582
3F,3F-Z30,4,1166,902,0.6834701055099648,0.7052384675527756
3F,3F-Z30,5,1173,973,0.6875732708089097,0.7607505863956215
3F,3F-Z30,6,1142,987,0.6694021101992966,0.7716966379984362
3F,3F-Z30,7,1144,1014,0.6705744431418523,0.7928068803752932
3F,3F-Z30,8,1195,1055,0.7004689331770223,0.8248631743549648
3F,3F-Z30,9,1316,979,0.7713950762016413,0.7654417513682564
3F,3F-Z30,10,1253,866,0.7344665885111371,0.6770914777169664
3F,3F-Z30,11,1243,780,0.7286049237983587,0.6098514464425332
3F,3F-Z30,12,1193,781,0.6992966002344666,0.6106333072713057
3F,3F-Z30,13,1188,814,0.6963657678780774,0.6364347146207975
3F,3F-Z30,14,1147,814,0.6723329425556858,0.6364347146207975
3F,3F-Z30,15,1135,778,0.6652989449003517,0.6082877247849883
3F,3F-Z30,16,1096,768,0.6424384525205158,0.6004691164972635
3F,3F-Z30,17,1026,711,0.6014067995310668,0.5559030492572322
4F,4F-Z01,0,670,268,0.39273153575615477,0.20953870211102424
4F,4F-Z01,1,667,378,0.3909730363423212,0.2955433932759969
4F,4F-Z01,2,742,378,0.4349355216881594,0.2955433932759969
4F,4F-Z01,3,747,368,0.43786635404454866,0.2877247849882721
4F,4F-Z01,4,745,353,0.43669402110199296,0.2759968725566849
4F,4F-Z01,5,734,351,0.43024618991793667,0.27443315089913994
4F,4F-Z01,6,731,341,0.4284876905041032,0.26661454261141515
4F,4F-Z01,7,720,338,0.4220398593200469,0.2642689601250977
4F,4F-Z01,8,719,305,0.42145369284876905,0.23846755277560594
4F,4F-Z01,9,722,301,0.4232121922626026,0.23534010946051603
4F,4F-Z01,10,731,301,0.4284876905041032,0.23534010946051603
4F,4F-Z01,11,730,269,0.42790152403282533,0.21032056293979673
4F,4F-Z02,0,1060,349,0.6213364595545134,0.272869429241595
4F,4F-Z02,1,1033,337,0.6055099648300117,0.26348709929632524
4F,4F-Z02,2,1033,303,0.6055099648300117,0.236903831118061
4F,4F-Z02,3,1043,294,0.6113716295427901,0.22986708365910868
4F,4F-Z02,4,1024,292,0.6002344665885111,0.22830336200156373
4F,4F-Z02,5,1017,271,0.5961313012895663,0.21188428459734168
4F,4F-Z02,6,980,272,0.5744431418522861,0.21266614542611414
4F,4F-Z02,7,975,285,0.5715123094958968,0.22283033620015638
4F,4F-Z02,8,955,286,0.55978898007034,0.22361219702892884
4F,4F-Z02,9,951,295,0.5574443141852286,0.23064894448788115
4F,4F-Z02,10,947,286,0.5550996483001173,0.22361219702892884
4F,4F-Z02,11,897,287,0.5257913247362251,0.22439405785770133
4F,4F-Z02,12,889,272,0.5211019929660023,0.21266614542611414
4F,4F-Z02,13,862,272,0.5052754982415005,0.21266614542611414
4F,4F-Z02,14,858,311,0.5029308323563892,0.24315871774824083
4F,4F-Z02,15,833,308,0.48827667057444313,0.24081313526192338
4F,4F-Z02,16,826,327,0.48417350527549824,0.25566849100860045
4F,4F-Z02,17,799,328,0.4683470105509965,0.25645035183737297
4F,4F-Z02,18,794,339,0.4654161781946073,0.2650508209538702
4F,4F-Z02,19,765,339,0.44841735052754983,0.2650508209538702
4F,4F-Z02,20,762,367,0.4466588511137163,0.2869429241594996
4F,4F-Z02,21,776,379,0.4548651817116061,0.29632525410476934
4F,4F-Z02,22,1051,370,0.6160609613130129,0.28928850664581707
4F,4F-Z03,0,1077,300,0.6313012895662368,0.23455824863174354
4F,4F-Z03,1,1079,370,0.6324736225087925,0.28928850664581707
4F,4F-Z03,2,1136,371,0.6658851113716295,0.29007036747458953
4F,4F-Z03,3,1140,333,0.6682297772567409,0.26035965598123534
4F,4F-Z03,4,1148,371,0.6729191090269636,0.29007036747458953
4F,4F-Z03,5,1247,352,0.7309495896834701,0.2752150117279124
4F,4F-Z03,6,1288,373,0.7549824150058617,0.29163408913213446
4F,4F-Z03,7,1295,395,0.7590855803048066,0.308835027365129
4F,4F-Z03,8,1282,460,0.7514654161781946,0.3596559812353401
4F,4F-Z03,9,1297,529,0.7602579132473622,0.41360437842064113
4F,4F-Z03,10,1331,520,0.7801875732708089,0.4065676309616888
4F,4F-Z03,11,1327,457,0.7778429073856975,0.35731039874902265
4F,4F-Z03,12,1384,455,0.8112543962485346,0.3557466770914777
4F,4F-Z03,13,1393,397,0.8165298944900352,0.31039874902267395
4F,4F-Z03,14,1405,386,0.8235638921453693,0.3017982799061767
4F,4F-Z03,15,1400,362,0.82063305978898,0.2830336200156372
4F,4F-Z03,16,1255,259,0.7356389214536928,0.20250195465207194
4F,4F-Z03,17,1207,259,0.7075029308323564,0.20250195465207194
4F,4F-Z03,18,1205,306,0.7063305978898007,0.23924941360437843
4F,4F-Z03,19,1145,311,0.6711606096131302,0.24315871774824083
4F,4F-Z03,20,1140,331,0.6682297772567409,0.25879593432369036
4F,4F-Z03,21,1133,300,0.664126611957796,0.23455824863174354
4F,4F-Z04,0,847,438,0.49648300117233296,0.3424550430023456
4F,4F-Z04,1,849,490,0.4976553341148886,0.3831118060985145
4F,4F-Z04,2,1004,488,0.5885111371629543,0.3815480844409695
4F,4F-Z04,3,1009,525,0.5914419695193435,0.4104769351055512
4F,4F-Z04,4,1124,525,0.6588511137162955,0.4104769351055512
4F,4F-Z04,5,1131,564,0.6629542790152403,0.4409695074276779
4F,4F-Z04,6,1153,569,0.6758499413833529,0.44487881157154024
4F,4F-Z04,7,1159,638,0.67936694021102,0.4988272087568413
4F,4F-Z04,8,1216,638,0.712778429073857,0.4988272087568413
4F,4F-Z04,9,1202,485,0.7045720984759671,0.37920250195465205
4F,4F-Z04,10,1144,434,0.6705744431418523,0.3393275996872557
4F,4F-Z04,11,1076,427,0.6307151230949589,0.3338545738858483
4F,4F-Z05,0,75,412,0.043962485345838215,0.32212666145426117
4F,4F-Z05,1,208,611,0.12192262602579132,0.47771696637998434
4F,4F-Z05,2,347,723,0.2033997655334115,0.565285379202502
4F,4F-Z05,3,579,722,0.33939038686987105,0.5645035183737295
4F,4F-Z05,4,590,613,0.34583821805392734,0.4792806880375293
4F,4F-Z05,5,726,613,0.42555685814771393,0.4792806880375293
4F,4F-Z05,6,732,702,0.42907385697538103,0.5488663017982799
4F,4F-Z05,7,816,701,0.4783118405627198,0.5480844409695075
4F,4F-Z05,8,906,601,0.5310668229777257,0.4698983580922596
4F,4F-Z05,9,1072,737,0.6283704572098476,0.5762314308053167
4F,4F-Z05,10,1122,745,0.6576787807737398,0.5824863174354965
4F,4F-Z05,11,1103,528,0.6465416178194607,0.41282251759186867
4F,4F-Z05,12,841,532,0.49296600234466587,0.41594996090695857
4F,4F-Z05,13,833,437,0.48827667057444313,0.3416731821735731
4F,4F-Z05,14,597,442,0.3499413833528722,0.3455824863174355
4F,4F-Z05,15,593,508,0.34759671746776083,0.3971853010164191
4F,4F-Z05,16,543,502,0.3182883939038687,0.3924941360437842
4F,4F-Z05,17,541,304,0.317116060961313,0.23768569194683348
4F,4F-Z05,18,589,326,0.3452520515826495,0.254886630179828
4F,4F-Z05,19,589,280,0.3452520515826495,0.21892103205629398
4F,4F-Z05,20,162,337,0.09495896834701055,0.26348709929632524
4F,4F-Z06,0,1301,533,0.7626025791324736,0.41673182173573103
4F,4F-Z06,1,1296,560,0.7596717467760844,0.43784206411258797
4F,4F-Z06,2,1315,729,0.7708089097303634,0.5699765441751369
4F,4F-Z06,3,1323,739,0.7754982415005862,0.5777951524628616
4F,4F-Z06,4,1343,740,0.787221570926143,0.5785770132916341
4F,4F-Z06,5,1350,733,0.7913247362250879,0.5731039874902267
4F,4F-Z06,6,1348,690,0.7901524032825322,0.5394839718530101
4F,4F-Z06,7,1426,689,0.835873388042204,0.5387021110242377
4F,4F-Z06,8,1436,681,0.8417350527549824,0.5324472243940579
4F,4F-Z06,9,1424,596,0.8347010550996483,0.4659890539483972
4F,4F-Z06,10,1364,593,0.7995310668229777,0.46364347146207974
4F,4F-Z06,11,1350,534,0.7913247362250879,0.4175136825645035
4F,4F-Z07,0,1189,651,0.6969519343493552,0.5089913995308835
4F,4F-Z07,1,1186,659,0.6951934349355217,0.5152462861610634
4F,4F-Z07,2,1188,688,0.6963657678780774,0.5379202501954652
4F,4F-Z07,3,1209,688,0.7086752637749121,0.5379202501954652
4F,4F-Z07,4,1213,691,0.7110199296600235,0.5402658326817826
4F,4F-Z07,5,1212,730,0.7104337631887456,0.5707584050039093
4F,4F-Z07,6,1223,732,0.7168815943728019,0.5723221266614542
4F,4F-Z07,7,1227,725,0.7192262602579133,0.5668491008600469
4F,4F-Z07,8,1221,654,0.7157092614302462,0.5113369820172009
4F,4F-Z07,9,1217,650,0.7133645955451349,0.508209538702111
4F,4F-Z08,0,1327,762,0.7778429073856975,0.5957779515246286
4F,4F-Z08,1,1318,778,0.772567409144197,0.6082877247849883
4F,4F-Z08,2,1326,850,0.7772567409144197,0.6645817044566067
4F,4F-Z08,3,1344,890,0.7878077373974208,0.6958561376075059
4F,4F-Z08,4,1380,886,0.8089097303634232,0.6927286942924159
4F,4F-Z08,5,1395,892,0.8177022274325909,0.6974198592650508
4F,4F-Z08,6,1401,879,0.8212192262602579,0.6872556684910086
4F,4F-Z08,7,1391,801,0.8153575615474795,0.6262705238467553
4F,4F-Z08,8,1461,796,0.8563892145369285,0.6223612197028929
4F,4F-Z08,9,1465,790,0.8587338804220399,0.617670054730258
4F,4F-Z08,10,1461,762,0.8563892145369285,0.5957779515246286
4F,4F-Z09,0,932,758,0.5463071512309496,0.5926505082095387
4F,4F-Z09,1,952,887,0.5580304806565064,0.6935105551211884
4F,4F-Z09,2,1123,889,0.6582649472450176,0.6950742767787333
4F,4F-Z09,3,1137,1021,0.6664712778429074,0.7982799061767005
4F,4F-Z09,4,1186,1066,0.6951934349355217,0.8334636434714621
4F,4F-Z09,5,1305,993,0.764947245017585,0.7763878029710711
4F,4F-Z09,6,1240,877,0.7268464243845252,0.6856919468334637
4F,4F-Z09,7,1227,783,0.7192262602579133,0.6121970289288506
4F,4F-Z09,8,1119,786,0.6559202813599062,0.6145426114151681
4F,4F-Z09,9,1073,766,0.6289566236811255,0.5989053948397185
4F,4F-Z09,10,999,709,0.5855803048065651,0.5543393275996873
