floor,zone_id,tone,color,center_x,center_y,photo_area_px,shop_names,shape_json
B1,B1-Z01,amber,#deb582,1482,295,10213,,"[[1417,258],[1413,272],[1422,336],[1431,333],[1549,333],[1549,283],[1543,279],[1549,270],[1549,256]]"
B1,B1-Z02,blue,#7c9ee4,992,324,3518,,"[[970,287],[970,360],[1013,361],[1016,357],[1017,333],[1014,288]]"
B1,B1-Z03,blue,#7c9ee4,1302,329,2565,,"[[1275,308],[1275,352],[1278,355],[1308,355],[1322,352],[1328,346],[1330,332],[1326,306],[1279,305]]"
B1,B1-Z04,amber,#deb582,1246,335,1796,,"[[1224,319],[1220,330],[1222,353],[1271,350],[1273,328],[1269,317]]"
B1,B1-Z05,yellow,#edce55,925,336,3560,,"[[951,299],[922,299],[919,302],[917,318],[893,321],[893,366],[951,363],[954,360],[955,327]]"
B1,B1-Z06,yellow,#edce55,1064,337,2426,,"[[1036,317],[1034,341],[1037,358],[1080,358],[1092,355],[1094,331],[1091,317]]"
B1,B1-Z07,amber,#deb582,1153,340,2527,,"[[1115,325],[1113,349],[1117,356],[1196,354],[1198,351],[1198,337],[1186,335],[1180,323],[1117,322]]"
B1,B1-Z08,rose,#d97979,1193,370,940,,"[[1176,356],[1176,384],[1211,381],[1209,358],[1186,354]]"
B1,B1-Z09,yellow,#edce55,1051,384,1201,,"[[1038,365],[1035,375],[1036,402],[1065,403],[1066,367]]"
B1,B1-Z10,yellow,#edce55,1487,384,12295,,"[[1424,337],[1422,367],[1433,434],[1549,434],[1549,334],[1431,334]]"
B1,B1-Z11,blue,#7c9ee4,777,389,16490,,"[[871,331],[840,318],[807,322],[801,337],[713,337],[708,386],[685,367],[691,397],[807,378],[815,407],[687,409],[688,474],[709,477],[723,446],[832,436],[831,409],[845,405],[844,376],[855,373],[860,407],[874,407],[876,449],[880,363],[871,403],[864,365]]"
B1,B1-Z12,blue,#7c9ee4,1252,389,976,,"[[1234,377],[1234,404],[1264,401],[1272,392],[1268,376]]"
B1,B1-Z13,yellow,#edce55,1223,390,388,,"[[1218,377],[1215,380],[1217,390],[1214,403],[1226,403],[1231,395],[1231,380],[1229,377]]"
B1,B1-Z14,blue,#7c9ee4,927,392,812,,"[[919,373],[916,376],[916,407],[919,412],[935,410],[938,405],[937,375]]"
B1,B1-Z15,amber,#deb582,1197,393,652,,"[[1214,382],[1177,385],[1178,400],[1192,403],[1211,402],[1216,390]]"
B1,B1-Z16,rose,#d97979,258,408,46728,KK桌球俱乐部,"[[423,364],[390,360],[386,341],[365,336],[357,321],[257,321],[196,333],[186,355],[118,355],[106,408],[72,416],[65,471],[91,479],[334,478],[340,462],[375,462],[379,479],[423,478],[431,400]]"
B1,B1-Z17,yellow,#edce55,1404,415,406,,"[[1388,411],[1390,422],[1420,421],[1419,414],[1414,408]]"
B1,B1-Z18,blue,#7c9ee4,580,417,23750,阿香米线 | 一休家饭团 | 麻辣烫,"[[430,339],[426,385],[437,397],[636,401],[630,434],[623,418],[587,420],[589,484],[610,493],[608,565],[654,557],[665,470],[660,349],[625,352],[620,336],[507,336],[492,356],[483,339]]"
B1,B1-Z19,yellow,#edce55,894,434,1165,,"[[882,411],[881,454],[892,453],[906,459],[906,416],[898,411]]"
B1,B1-Z20,yellow,#edce55,1101,434,11351,Speed Zoo,"[[992,413],[992,468],[997,473],[1043,472],[1055,457],[1118,457],[1125,447],[1241,447],[1232,409]]"
B1,B1-Z21,yellow,#edce55,849,436,1126,,"[[841,411],[837,418],[837,455],[840,460],[856,461],[860,457],[861,414],[858,411]]"
B1,B1-Z22,amber,#deb582,1260,436,738,,"[[1238,416],[1238,430],[1243,446],[1280,446],[1281,430],[1278,423],[1267,430],[1251,433],[1241,424],[1241,418]]"
B1,B1-Z23,amber,#deb582,892,473,651,,"[[884,454],[881,458],[884,488],[887,492],[896,494],[901,489],[902,460],[897,456]]"
B1,B1-Z24,yellow,#edce55,965,494,6774,,"[[950,411],[943,417],[945,571],[991,570],[991,522],[984,515],[981,416],[975,410]]"
B1,B1-Z25,yellow,#edce55,887,573,4459,,"[[855,527],[854,574],[893,578],[886,581],[886,614],[878,623],[879,637],[908,638],[911,635],[911,590],[906,579],[910,572],[909,528]]"
B1,B1-Z26,blue,#7c9ee4,624,627,43228,CoCo都可 | 湘太煲 | 头牌小串 | KFC,"[[429,439],[427,504],[544,600],[544,683],[606,699],[559,773],[639,780],[671,747],[671,701],[644,689],[631,647],[640,623],[685,640],[684,672],[706,692],[870,683],[869,644],[829,641],[823,627],[708,626],[692,639],[683,575],[625,570],[614,618],[532,497]]"
B1,B1-Z27,cyan,#5dc5d3,1262,715,248098,,"[[1419,426],[1286,408],[1281,450],[1126,451],[1120,518],[1050,520],[1044,570],[945,576],[949,646],[1011,655],[1077,597],[1002,711],[1012,957],[1090,996],[1215,983],[1204,895],[1178,880],[1216,858],[1289,870],[1343,973],[1486,978],[1549,944],[1481,508],[1430,501]]"
B1,B1-Z28,yellow,#edce55,884,747,9468,屈臣氏,"[[823,711],[822,804],[826,816],[847,814],[852,770],[958,770],[961,766],[960,720],[954,711]]"
B1,B1-Z29,blue,#7c9ee4,762,810,16416,老娘舅 | 乡村基,"[[812,709],[800,707],[778,717],[690,806],[707,844],[717,893],[731,906],[781,901],[793,889],[797,826],[818,814],[818,714]]"
B1,B1-Z30,blue,#7c9ee4,922,848,11962,,"[[880,781],[876,832],[879,910],[889,914],[965,912],[968,906],[968,842],[962,782]]"
B1,B1-Z31,blue,#7c9ee4,591,979,42353,海底捞,"[[425,871],[416,990],[425,1008],[474,1014],[562,1002],[581,1015],[588,1001],[600,1074],[765,1067],[739,1063],[768,1052],[756,943],[591,944],[561,930],[502,869]]"
1F,1F-Z01,amber,#deb582,1037,267,1068,,"[[1014,258],[1013,280],[1025,277],[1062,276],[1060,256],[1025,255]]"
1F,1F-Z02,blue,#7c9ee4,1298,285,5780,茶百道,"[[1348,259],[1326,247],[1263,249],[1259,259],[1259,276],[1262,291],[1268,297],[1272,328],[1271,346],[1279,345],[1319,314],[1348,269]]"
1F,1F-Z03,amber,#deb582,584,288,1427,,"[[607,307],[607,283],[603,272],[578,272],[552,278],[551,292],[575,290],[582,293],[583,310]]"
1F,1F-Z04,blue,#7c9ee4,723,320,6530,星巴克,"[[745,259],[704,260],[693,265],[694,366],[698,373],[752,373],[762,368],[766,362],[766,343],[757,341],[752,332],[742,328],[741,293],[750,289],[749,263]]"
1F,1F-Z05,amber,#deb582,861,320,5978,,"[[906,260],[872,260],[870,303],[866,307],[814,309],[811,328],[788,330],[790,355],[804,354],[805,346],[823,340],[831,329],[848,328],[854,338],[853,349],[825,357],[823,366],[893,362],[893,328],[889,336],[887,325],[892,325],[892,306],[910,300]]"
1F,1F-Z06,yellow,#edce55,1224,325,5136,,"[[1265,297],[1258,294],[1181,297],[1183,356],[1229,357],[1245,355],[1264,348],[1270,335]]"
1F,1F-Z07,yellow,#edce55,990,328,12304,,"[[1084,280],[1018,279],[1012,299],[982,301],[976,309],[966,301],[939,302],[934,309],[930,302],[897,303],[892,312],[894,363],[1092,359],[1093,354],[1082,346],[1068,344],[1065,333],[1071,317],[1071,290],[1085,286]]"
1F,1F-Z08,blue,#7c9ee4,1150,328,3628,,"[[1120,298],[1118,326],[1124,355],[1128,358],[1148,360],[1177,358],[1181,350],[1176,298]]"
1F,1F-Z09,blue,#7c9ee4,1410,381,8944,,"[[1451,338],[1433,321],[1419,320],[1382,345],[1368,361],[1357,383],[1344,429],[1354,424],[1463,421]]"
1F,1F-Z10,yellow,#edce55,1048,438,4424,,"[[1093,417],[1087,414],[996,416],[991,420],[992,450],[998,454],[1022,454],[1028,444],[1037,442],[1046,448],[1046,469],[1095,467]]"
1F,1F-Z11,blue,#7c9ee4,723,447,2740,,"[[692,427],[692,464],[695,469],[736,469],[754,466],[755,445],[750,424]]"
1F,1F-Z12,amber,#deb582,1409,448,5061,,"[[1465,426],[1353,428],[1344,443],[1346,471],[1360,463],[1383,463],[1388,472],[1463,469],[1469,463]]"
1F,1F-Z13,yellow,#edce55,906,452,5564,,"[[948,420],[910,418],[870,421],[865,427],[867,489],[873,492],[897,491],[905,481],[949,479],[951,458]]"
1F,1F-Z14,amber,#deb582,1035,454,366,,"[[1026,447],[1024,457],[1027,463],[1045,463],[1043,445],[1033,443]]"
1F,1F-Z15,amber,#deb582,1134,468,11779,麦高卡牌,"[[1194,419],[1167,413],[1098,416],[1094,420],[1097,466],[1047,471],[1052,510],[1147,510],[1150,517],[1199,512]]"
1F,1F-Z16,yellow,#edce55,797,479,4006,,"[[814,426],[788,426],[789,477],[786,480],[771,478],[761,482],[761,511],[764,517],[818,517],[821,514],[819,433]]"
1F,1F-Z17,yellow,#edce55,350,502,149199,迪卡侬,"[[486,284],[388,298],[381,358],[262,360],[252,317],[152,332],[51,414],[105,491],[174,496],[176,584],[220,639],[321,713],[550,699],[553,357],[490,351]]"
1F,1F-Z18,yellow,#edce55,1222,524,14648,,"[[1200,423],[1194,429],[1202,510],[1152,518],[1157,585],[1184,589],[1279,587],[1285,568],[1271,475],[1258,460],[1208,424]]"
1F,1F-Z19,yellow,#edce55,914,541,3727,,"[[961,524],[958,518],[882,519],[871,522],[871,534],[883,556],[913,580],[956,541]]"
1F,1F-Z20,amber,#deb582,686,570,414,,"[[683,552],[679,557],[680,583],[683,587],[691,587],[691,556],[688,552]]"
1F,1F-Z21,amber,#deb582,1320,575,1168,,"[[1309,555],[1303,566],[1307,593],[1332,593],[1336,587],[1333,557]]"
1F,1F-Z22,yellow,#edce55,1414,616,20278,M Stand | 荣耀,"[[1355,465],[1347,482],[1367,532],[1359,537],[1380,743],[1410,748],[1418,740],[1414,688],[1471,688],[1482,668],[1501,662],[1495,598],[1431,593],[1418,531],[1386,527],[1391,501],[1384,465]]"
1F,1F-Z23,yellow,#edce55,1256,620,3852,,"[[1218,598],[1216,609],[1221,640],[1258,643],[1264,653],[1287,653],[1291,649],[1292,624],[1290,606],[1285,594],[1233,593],[1222,594]]"
1F,1F-Z24,amber,#deb582,1331,657,1230,,"[[1318,638],[1314,644],[1317,675],[1344,676],[1348,671],[1348,660],[1343,637]]"
1F,1F-Z25,blue,#7c9ee4,821,658,25962,,"[[936,625],[831,543],[811,543],[805,552],[806,602],[762,608],[762,645],[776,653],[776,673],[698,680],[701,732],[717,739],[857,735],[934,639]]"
1F,1F-Z26,yellow,#edce55,1127,693,7325,adidas,"[[1118,645],[1071,690],[1069,700],[1128,748],[1153,755],[1157,750],[1153,699],[1156,694],[1169,693],[1174,683],[1170,650],[1166,645]]"
1F,1F-Z27,yellow,#edce55,1268,702,2156,,"[[1230,683],[1226,690],[1226,712],[1229,722],[1235,721],[1238,698],[1274,697],[1276,705],[1273,736],[1277,740],[1287,736],[1299,712],[1298,691],[1294,681]]"
1F,1F-Z28,blue,#7c9ee4,574,714,4283,奈雪的茶,"[[609,683],[554,683],[552,701],[534,706],[534,741],[540,744],[592,743],[605,738],[609,734],[612,718]]"
1F,1F-Z29,yellow,#edce55,1445,808,12737,,"[[1389,753],[1382,763],[1389,844],[1396,869],[1413,865],[1489,864],[1490,830],[1498,824],[1500,811],[1518,807],[1525,799],[1521,770],[1461,767],[1452,753]]"
1F,1F-Z30,blue,#7c9ee4,1460,897,6722,星巴克,"[[1520,867],[1495,865],[1409,868],[1403,871],[1399,878],[1424,930],[1436,941],[1449,944],[1471,933],[1519,898],[1524,892]]"
1F,1F-Z31,blue,#7c9ee4,1290,986,12350,必胜客,"[[1323,920],[1253,919],[1243,926],[1251,1027],[1234,1057],[1232,1066],[1236,1070],[1254,1072],[1280,1057],[1357,997],[1349,970]]"
2F,2F-Z01,yellow,#edce55,1197,309,13721,,"[[1298,261],[1276,246],[1219,246],[1213,258],[1215,289],[1191,292],[1182,304],[1153,304],[1148,329],[1139,304],[1081,305],[1083,355],[1137,359],[1148,345],[1153,358],[1167,359],[1229,344],[1266,322],[1292,297],[1300,280]]"
2F,2F-Z02,yellow,#edce55,999,313,6254,,"[[966,266],[963,272],[965,350],[968,357],[1052,357],[1038,343],[1026,342],[1021,337],[1021,326],[1030,320],[1031,292],[1043,290],[1043,284],[1040,281],[1027,281],[1021,264],[1001,264],[996,269],[992,265]]"
2F,2F-Z03,yellow,#edce55,852,328,6462,,"[[887,268],[861,267],[858,294],[830,298],[827,315],[815,321],[815,345],[796,349],[780,360],[775,368],[890,361],[893,357],[893,329]]"
2F,2F-Z04,yellow,#edce55,700,335,4223,,"[[711,288],[674,289],[673,367],[678,372],[727,370],[735,368],[739,363],[740,343],[727,341],[723,329],[716,329],[713,326]]"
2F,2F-Z05,yellow,#edce55,929,335,3120,,"[[900,311],[897,333],[897,355],[900,359],[953,359],[960,354],[961,333],[956,309],[927,308]]"
2F,2F-Z06,yellow,#edce55,769,338,572,,"[[792,329],[758,329],[755,335],[757,355],[776,341],[788,337]]"
2F,2F-Z07,amber,#deb582,131,402,8838,GAPDAY健身,"[[171,331],[145,332],[124,346],[123,366],[98,387],[89,402],[83,401],[69,412],[69,420],[98,463],[103,464],[114,456],[160,455],[164,450],[169,415],[166,405],[170,400],[175,337]]"
2F,2F-Z08,rose,#d97979,338,468,57473,XPLAYING,"[[490,375],[188,377],[171,546],[270,542],[306,550],[338,573],[482,571]]"
2F,2F-Z09,yellow,#edce55,745,474,7240,ROCOCO,"[[694,431],[695,474],[721,475],[724,478],[726,528],[779,528],[784,521],[782,438],[778,431]]"
2F,2F-Z10,yellow,#edce55,1355,525,30650,,"[[1382,321],[1325,353],[1294,424],[1325,727],[1341,738],[1360,732],[1361,686],[1423,685],[1432,675],[1420,592],[1371,590],[1360,526],[1335,522],[1336,449],[1393,444],[1398,413],[1415,399],[1407,341]]"
2F,2F-Z11,yellow,#edce55,879,540,5239,,"[[833,500],[830,510],[839,543],[887,587],[901,581],[923,558],[925,531],[921,518],[872,517],[864,499]]"
2F,2F-Z12,yellow,#edce55,1061,553,73054,尚品宅配 | adidas | Motara & Cholle,"[[834,433],[837,485],[990,484],[988,512],[944,515],[942,553],[907,597],[1077,735],[1117,744],[1100,471],[1104,515],[1150,520],[1163,643],[1190,647],[1192,684],[1212,686],[1217,724],[1232,726],[1212,472],[1137,418]]"
2F,2F-Z13,amber,#deb582,1271,591,712,,"[[1251,588],[1252,599],[1261,601],[1286,600],[1291,590],[1287,581],[1257,581]]"
2F,2F-Z14,blue,#7c9ee4,254,594,10412,海伦司,"[[205,546],[200,570],[181,574],[181,580],[202,611],[260,661],[267,660],[327,594],[321,580],[267,545]]"
2F,2F-Z15,amber,#deb582,787,606,16670,,"[[727,530],[727,663],[738,669],[758,666],[767,671],[773,689],[816,688],[821,676],[803,660],[819,647],[864,633],[874,622],[873,602],[800,537],[777,529]]"
2F,2F-Z16,amber,#deb582,365,636,10506,,"[[436,588],[431,583],[333,601],[275,663],[304,691],[311,690],[335,668],[419,668],[434,659]]"
2F,2F-Z17,rose,#d97979,498,659,13346,网鱼电竞,"[[447,581],[442,594],[439,670],[420,677],[421,697],[504,698],[511,724],[558,724],[571,719],[579,708],[578,661],[553,659],[545,647],[508,645],[505,581]]"
2F,2F-Z18,yellow,#edce55,1375,811,8388,依灵瑜伽,"[[1328,763],[1325,770],[1326,791],[1338,861],[1352,855],[1430,853],[1424,800],[1417,779],[1385,778],[1374,759],[1336,759]]"
2F,2F-Z19,rose,#d97979,1011,827,25796,,"[[917,773],[944,884],[973,914],[1016,932],[1021,900],[1151,898],[1162,911],[1182,908],[1181,885],[1079,883],[1070,764],[1019,719],[999,718]]"
2F,2F-Z20,yellow,#edce55,1159,832,17320,NIKE,"[[1073,767],[1083,882],[1183,881],[1187,889],[1250,886],[1231,782],[1114,777],[1080,765]]"
2F,2F-Z21,blue,#7c9ee4,1395,885,5347,星巴克,"[[1342,865],[1343,875],[1355,899],[1376,928],[1386,927],[1408,912],[1437,898],[1459,877],[1456,866],[1435,866],[1428,858],[1351,858]]"
2F,2F-Z22,blue,#7c9ee4,1208,970,17976,,"[[1252,892],[1191,891],[1187,894],[1186,921],[1146,923],[1141,930],[1143,975],[1124,998],[1125,1013],[1188,1052],[1234,1030],[1247,1015],[1278,998],[1291,984],[1294,967]]"
3F,3F-Z01,green,#9cc270,1235,265,648,,"[[1248,249],[1233,249],[1226,254],[1225,298],[1230,298],[1232,275],[1248,270]]"
3F,3F-Z02,yellow,#edce55,946,291,2070,,"[[913,276],[911,287],[926,290],[926,318],[946,318],[942,309],[948,304],[961,305],[963,311],[971,309],[974,301],[975,272],[930,271],[924,277],[921,274]]"
3F,3F-Z03,amber,#deb582,716,314,6773,,"[[688,264],[684,281],[684,367],[689,370],[753,368],[758,349],[746,344],[741,332],[732,330],[731,294],[757,287],[756,259],[712,258]]"
3F,3F-Z04,green,#9cc270,966,320,13298,7.PLAB,"[[1055,271],[976,270],[972,309],[948,306],[948,318],[941,320],[925,318],[925,290],[908,285],[914,271],[881,271],[880,364],[1064,358],[1035,342],[1046,299],[1057,294]]"
3F,3F-Z05,green,#9cc270,1137,327,5187,东方音乐梦工厂,"[[1095,340],[1101,358],[1156,357],[1160,328],[1169,358],[1208,358],[1233,348],[1223,345],[1194,355],[1174,350],[1168,316],[1200,314],[1204,299],[1198,306],[1166,307],[1158,324],[1153,291],[1096,291]]"
3F,3F-Z06,amber,#deb582,788,341,312,,"[[803,334],[778,335],[778,351],[784,354],[790,344],[796,344],[803,339]]"
3F,3F-Z07,amber,#deb582,844,342,3085,,"[[873,314],[816,314],[813,327],[824,331],[830,328],[832,344],[827,349],[809,355],[795,366],[813,369],[874,365]]"
3F,3F-Z08,yellow,#edce55,1320,361,23920,,"[[1250,251],[1229,301],[1206,299],[1199,316],[1170,316],[1174,348],[1295,345],[1308,335],[1330,364],[1358,367],[1347,379],[1351,399],[1321,392],[1308,426],[1315,509],[1349,513],[1345,448],[1404,448],[1418,438],[1412,394],[1425,384],[1421,349],[1320,277],[1296,273],[1286,254]]"
3F,3F-Z09,green,#9cc270,1325,371,1705,,"[[1288,344],[1309,365],[1315,379],[1314,396],[1318,396],[1322,389],[1323,398],[1334,395],[1349,399],[1351,391],[1349,384],[1344,382],[1345,377],[1350,374],[1356,375],[1357,368],[1351,366],[1349,374],[1342,363],[1330,366],[1326,352],[1311,349],[1311,337],[1300,337],[1295,346]]"
3F,3F-Z10,amber,#deb582,761,474,6290,,"[[713,433],[711,444],[714,472],[735,473],[741,478],[742,523],[758,526],[798,524],[799,519],[794,515],[797,462],[795,435],[781,431]]"
3F,3F-Z11,green,#9cc270,1310,476,309,,"[[1305,431],[1311,511],[1315,517],[1322,520],[1313,505],[1311,451],[1308,433]]"
3F,3F-Z12,rose,#d97979,376,492,156165,宏优体育 | 博纳影院,"[[590,712],[595,516],[508,505],[516,387],[555,380],[552,300],[588,299],[603,316],[602,262],[177,329],[87,406],[221,600],[369,716]]"
3F,3F-Z13,green,#9cc270,1066,538,61624,乐之堡儿童乐园 | 青小豆自然探索乐园 | 忆花轮,"[[851,431],[851,481],[1038,482],[1033,509],[961,511],[960,551],[923,591],[1040,693],[1054,688],[1075,723],[1079,678],[1128,668],[1106,479],[1134,557],[1169,562],[1175,631],[1231,640],[1222,483],[1171,432]]"
3F,3F-Z14,green,#9cc270,896,539,4575,,"[[850,504],[851,530],[856,541],[901,579],[911,579],[938,556],[940,536],[939,521],[936,517],[888,518],[883,514],[879,502],[859,501]]"
3F,3F-Z15,green,#9cc270,1343,553,2579,,"[[1321,529],[1320,539],[1316,543],[1316,556],[1322,589],[1336,585],[1332,581],[1336,576],[1373,573],[1374,562],[1369,559],[1367,534],[1372,529]]"
3F,3F-Z16,yellow,#edce55,1335,555,351,,"[[1331,542],[1326,549],[1329,566],[1339,567],[1343,564],[1343,546]]"
3F,3F-Z17,yellow,#edce55,982,562,1043,,"[[974,521],[975,528],[969,542],[971,557],[977,564],[976,579],[979,589],[989,596],[996,607],[996,593],[991,590],[989,541],[983,538],[984,535],[979,531],[979,523]]"
3F,3F-Z18,yellow,#edce55,1353,584,531,,"[[1380,583],[1360,581],[1359,574],[1344,575],[1335,578],[1340,585],[1326,587],[1324,592],[1379,589]]"
3F,3F-Z19,yellow,#edce55,954,590,362,,"[[954,565],[946,572],[948,576],[953,577],[949,582],[954,579],[953,604],[947,610],[958,617],[959,565]]"
3F,3F-Z20,amber,#deb582,801,605,15864,,"[[745,532],[741,560],[742,658],[782,661],[786,687],[829,687],[838,671],[829,649],[884,622],[886,601],[807,533]]"
3F,3F-Z21,rose,#d97979,1384,636,9838,格莱蜜厨,"[[1324,599],[1332,681],[1344,676],[1361,676],[1369,683],[1438,681],[1443,676],[1444,659],[1433,592],[1330,593]]"
3F,3F-Z22,yellow,#edce55,1116,660,504,,"[[1128,602],[1125,602],[1129,668],[1124,674],[1083,675],[1080,678],[1080,697],[1083,682],[1087,678],[1133,678]]"
3F,3F-Z23,amber,#deb582,1223,660,1030,MONICA BOX,"[[1238,645],[1209,645],[1204,656],[1206,674],[1240,674]]"
3F,3F-Z24,blue,#7c9ee4,1231,699,1061,,"[[1211,678],[1206,684],[1206,689],[1224,691],[1229,726],[1232,729],[1239,729],[1245,718],[1242,680]]"
3F,3F-Z25,amber,#deb582,1352,706,1938,,"[[1338,679],[1333,684],[1337,728],[1344,734],[1367,734],[1372,726],[1368,683],[1361,677]]"
3F,3F-Z26,amber,#deb582,1111,711,3290,,"[[1087,679],[1083,686],[1084,728],[1091,735],[1109,744],[1137,745],[1134,680]]"
3F,3F-Z27,green,#9cc270,1165,794,1238,,"[[1186,780],[1143,780],[1142,797],[1145,807],[1187,807]]"
3F,3F-Z28,yellow,#edce55,1167,806,330,积木公园,"[[1190,784],[1187,784],[1189,806],[1185,809],[1147,809],[1143,805],[1141,786],[1138,786],[1141,809],[1147,813],[1188,813],[1192,805]]"
3F,3F-Z29,amber,#deb582,1390,834,12596,,"[[1352,758],[1338,773],[1342,839],[1349,862],[1372,905],[1377,909],[1422,909],[1440,900],[1444,895],[1444,877],[1434,811],[1418,804],[1411,759]]"
3F,3F-Z30,amber,#deb582,1124,870,58426,,"[[933,773],[960,894],[986,915],[997,899],[1166,902],[1173,973],[1142,987],[1144,1014],[1195,1055],[1316,979],[1253,866],[1243,780],[1193,781],[1188,814],[1147,814],[1135,778],[1096,768],[1026,711]]"
4F,4F-Z01,blue,#7c9ee4,700,327,7153,,"[[670,268],[667,378],[742,378],[747,368],[745,353],[734,351],[731,341],[720,338],[719,305],[722,301],[731,301],[730,269]]"
4F,4F-Z02,blue,#7c9ee4,919,332,21546,炉鱼,"[[1060,349],[1033,337],[1033,303],[1043,294],[1024,292],[1017,271],[980,272],[975,285],[955,286],[951,295],[947,286],[897,287],[889,272],[862,272],[858,311],[833,308],[826,327],[799,328],[794,339],[765,339],[762,367],[776,379],[1051,370]]"
4F,4F-Z03,blue,#7c9ee4,1264,366,33574,外婆家 | 阿田大虾 | LINLEE 柠檬茶,"[[1077,300],[1079,370],[1136,371],[1140,333],[1148,371],[1247,352],[1288,373],[1295,395],[1282,460],[1297,529],[1331,520],[1327,457],[1384,455],[1393,397],[1405,386],[1400,362],[1255,259],[1207,259],[1205,306],[1145,311],[1140,331],[1133,300]]"
4F,4F-Z04,blue,#7c9ee4,1072,497,33789,悦动健身 | 新发现 | 许府牛,"[[847,438],[849,490],[1004,488],[1009,525],[1124,525],[1131,564],[1153,569],[1159,638],[1216,638],[1202,485],[1144,434],[1076,427]]"
4F,4F-Z05,rose,#d97979,541,529,254744,宏优体育,"[[75,412],[208,611],[347,723],[579,722],[590,613],[726,613],[732,702],[816,701],[906,601],[1072,737],[1122,745],[1103,528],[841,532],[833,437],[597,442],[593,508],[543,502],[541,304],[589,326],[589,280],[162,337]]"
4F,4F-Z06,blue,#7c9ee4,1356,633,17216,七欣天,"[[1301,533],[1296,560],[1315,729],[1323,739],[1343,740],[1350,733],[1348,690],[1426,689],[1436,681],[1424,596],[1364,593],[1350,534]]"
4F,4F-Z07,blue,#7c9ee4,1209,681,1886,,"[[1189,651],[1186,659],[1188,688],[1209,688],[1213,691],[1212,730],[1223,732],[1227,725],[1221,654],[1217,650]]"
4F,4F-Z08,blue,#7c9ee4,1376,813,11558,,"[[1327,762],[1318,778],[1326,850],[1344,890],[1380,886],[1395,892],[1401,879],[1391,801],[1461,796],[1465,790],[1461,762]]"
4F,4F-Z09,blue,#7c9ee4,1121,876,60291,牛老三,"[[932,758],[952,887],[1123,889],[1137,1021],[1186,1066],[1305,993],[1240,877],[1227,783],[1119,786],[1073,766],[999,709]]"
